vintage_year,target_year,projected_births,forecast_basis,forecast_source_url,forecast_published_date,notes
1992,1991,1231000,total,https://www.ipss.go.jp/syoushika/bunken/data/pdf/101827_4.pdf,1992-09-30,表2-5(中位推計)。原本はスキャンPDFのため数値は目視で書き写しており1000人単位の整数で公表されている。出生-死亡=自然増加が全35年分で成り立つことをbin/build_births.pyが検算している
1992,1992,1233000,total,https://www.ipss.go.jp/syoushika/bunken/data/pdf/101827_4.pdf,1992-09-30,表2-5(中位推計)。原本はスキャンPDFのため数値は目視で書き写しており1000人単位の整数で公表されている。出生-死亡=自然増加が全35年分で成り立つことをbin/build_births.pyが検算している
1992,1993,1236000,total,https://www.ipss.go.jp/syoushika/bunken/data/pdf/101827_4.pdf,1992-09-30,表2-5(中位推計)。原本はスキャンPDFのため数値は目視で書き写しており1000人単位の整数で公表されている。出生-死亡=自然増加が全35年分で成り立つことをbin/build_births.pyが検算している
1992,1994,1248000,total,https://www.ipss.go.jp/syoushika/bunken/data/pdf/101827_4.pdf,1992-09-30,表2-5(中位推計)。原本はスキャンPDFのため数値は目視で書き写しており1000人単位の整数で公表されている。出生-死亡=自然増加が全35年分で成り立つことをbin/build_births.pyが検算している
1992,1995,1269000,total,https://www.ipss.go.jp/syoushika/bunken/data/pdf/101827_4.pdf,1992-09-30,表2-5(中位推計)。原本はスキャンPDFのため数値は目視で書き写しており1000人単位の整数で公表されている。出生-死亡=自然増加が全35年分で成り立つことをbin/build_births.pyが検算している
1992,1996,1298000,total,https://www.ipss.go.jp/syoushika/bunken/data/pdf/101827_4.pdf,1992-09-30,表2-5(中位推計)。原本はスキャンPDFのため数値は目視で書き写しており1000人単位の整数で公表されている。出生-死亡=自然増加が全35年分で成り立つことをbin/build_births.pyが検算している
1992,1997,1332000,total,https://www.ipss.go.jp/syoushika/bunken/data/pdf/101827_4.pdf,1992-09-30,表2-5(中位推計)。原本はスキャンPDFのため数値は目視で書き写しており1000人単位の整数で公表されている。出生-死亡=自然増加が全35年分で成り立つことをbin/build_births.pyが検算している
1992,1998,1368000,total,https://www.ipss.go.jp/syoushika/bunken/data/pdf/101827_4.pdf,1992-09-30,表2-5(中位推計)。原本はスキャンPDFのため数値は目視で書き写しており1000人単位の整数で公表されている。出生-死亡=自然増加が全35年分で成り立つことをbin/build_births.pyが検算している
1992,1999,1404000,total,https://www.ipss.go.jp/syoushika/bunken/data/pdf/101827_4.pdf,1992-09-30,表2-5(中位推計)。原本はスキャンPDFのため数値は目視で書き写しており1000人単位の整数で公表されている。出生-死亡=自然増加が全35年分で成り立つことをbin/build_births.pyが検算している
1992,2000,1438000,total,https://www.ipss.go.jp/syoushika/bunken/data/pdf/101827_4.pdf,1992-09-30,表2-5(中位推計)。原本はスキャンPDFのため数値は目視で書き写しており1000人単位の整数で公表されている。出生-死亡=自然増加が全35年分で成り立つことをbin/build_births.pyが検算している
1992,2001,1467000,total,https://www.ipss.go.jp/syoushika/bunken/data/pdf/101827_4.pdf,1992-09-30,表2-5(中位推計)。原本はスキャンPDFのため数値は目視で書き写しており1000人単位の整数で公表されている。出生-死亡=自然増加が全35年分で成り立つことをbin/build_births.pyが検算している
1992,2002,1489000,total,https://www.ipss.go.jp/syoushika/bunken/data/pdf/101827_4.pdf,1992-09-30,表2-5(中位推計)。原本はスキャンPDFのため数値は目視で書き写しており1000人単位の整数で公表されている。出生-死亡=自然増加が全35年分で成り立つことをbin/build_births.pyが検算している
1992,2003,1503000,total,https://www.ipss.go.jp/syoushika/bunken/data/pdf/101827_4.pdf,1992-09-30,表2-5(中位推計)。原本はスキャンPDFのため数値は目視で書き写しており1000人単位の整数で公表されている。出生-死亡=自然増加が全35年分で成り立つことをbin/build_births.pyが検算している
1992,2004,1508000,total,https://www.ipss.go.jp/syoushika/bunken/data/pdf/101827_4.pdf,1992-09-30,表2-5(中位推計)。原本はスキャンPDFのため数値は目視で書き写しており1000人単位の整数で公表されている。出生-死亡=自然増加が全35年分で成り立つことをbin/build_births.pyが検算している
1992,2005,1506000,total,https://www.ipss.go.jp/syoushika/bunken/data/pdf/101827_4.pdf,1992-09-30,表2-5(中位推計)。原本はスキャンPDFのため数値は目視で書き写しており1000人単位の整数で公表されている。出生-死亡=自然増加が全35年分で成り立つことをbin/build_births.pyが検算している
1992,2006,1497000,total,https://www.ipss.go.jp/syoushika/bunken/data/pdf/101827_4.pdf,1992-09-30,表2-5(中位推計)。原本はスキャンPDFのため数値は目視で書き写しており1000人単位の整数で公表されている。出生-死亡=自然増加が全35年分で成り立つことをbin/build_births.pyが検算している
1992,2007,1482000,total,https://www.ipss.go.jp/syoushika/bunken/data/pdf/101827_4.pdf,1992-09-30,表2-5(中位推計)。原本はスキャンPDFのため数値は目視で書き写しており1000人単位の整数で公表されている。出生-死亡=自然増加が全35年分で成り立つことをbin/build_births.pyが検算している
1992,2008,1463000,total,https://www.ipss.go.jp/syoushika/bunken/data/pdf/101827_4.pdf,1992-09-30,表2-5(中位推計)。原本はスキャンPDFのため数値は目視で書き写しており1000人単位の整数で公表されている。出生-死亡=自然増加が全35年分で成り立つことをbin/build_births.pyが検算している
1992,2009,1440000,total,https://www.ipss.go.jp/syoushika/bunken/data/pdf/101827_4.pdf,1992-09-30,表2-5(中位推計)。原本はスキャンPDFのため数値は目視で書き写しており1000人単位の整数で公表されている。出生-死亡=自然増加が全35年分で成り立つことをbin/build_births.pyが検算している
1992,2010,1415000,total,https://www.ipss.go.jp/syoushika/bunken/data/pdf/101827_4.pdf,1992-09-30,表2-5(中位推計)。原本はスキャンPDFのため数値は目視で書き写しており1000人単位の整数で公表されている。出生-死亡=自然増加が全35年分で成り立つことをbin/build_births.pyが検算している
1992,2011,1388000,total,https://www.ipss.go.jp/syoushika/bunken/data/pdf/101827_4.pdf,1992-09-30,表2-5(中位推計)。原本はスキャンPDFのため数値は目視で書き写しており1000人単位の整数で公表されている。出生-死亡=自然増加が全35年分で成り立つことをbin/build_births.pyが検算している
1992,2012,1360000,total,https://www.ipss.go.jp/syoushika/bunken/data/pdf/101827_4.pdf,1992-09-30,表2-5(中位推計)。原本はスキャンPDFのため数値は目視で書き写しており1000人単位の整数で公表されている。出生-死亡=自然増加が全35年分で成り立つことをbin/build_births.pyが検算している
1992,2013,1331000,total,https://www.ipss.go.jp/syoushika/bunken/data/pdf/101827_4.pdf,1992-09-30,表2-5(中位推計)。原本はスキャンPDFのため数値は目視で書き写しており1000人単位の整数で公表されている。出生-死亡=自然増加が全35年分で成り立つことをbin/build_births.pyが検算している
1992,2014,1303000,total,https://www.ipss.go.jp/syoushika/bunken/data/pdf/101827_4.pdf,1992-09-30,表2-5(中位推計)。原本はスキャンPDFのため数値は目視で書き写しており1000人単位の整数で公表されている。出生-死亡=自然増加が全35年分で成り立つことをbin/build_births.pyが検算している
1992,2015,1274000,total,https://www.ipss.go.jp/syoushika/bunken/data/pdf/101827_4.pdf,1992-09-30,表2-5(中位推計)。原本はスキャンPDFのため数値は目視で書き写しており1000人単位の整数で公表されている。出生-死亡=自然増加が全35年分で成り立つことをbin/build_births.pyが検算している
1992,2016,1247000,total,https://www.ipss.go.jp/syoushika/bunken/data/pdf/101827_4.pdf,1992-09-30,表2-5(中位推計)。原本はスキャンPDFのため数値は目視で書き写しており1000人単位の整数で公表されている。出生-死亡=自然増加が全35年分で成り立つことをbin/build_births.pyが検算している
1992,2017,1222000,total,https://www.ipss.go.jp/syoushika/bunken/data/pdf/101827_4.pdf,1992-09-30,表2-5(中位推計)。原本はスキャンPDFのため数値は目視で書き写しており1000人単位の整数で公表されている。出生-死亡=自然増加が全35年分で成り立つことをbin/build_births.pyが検算している
1992,2018,1199000,total,https://www.ipss.go.jp/syoushika/bunken/data/pdf/101827_4.pdf,1992-09-30,表2-5(中位推計)。原本はスキャンPDFのため数値は目視で書き写しており1000人単位の整数で公表されている。出生-死亡=自然増加が全35年分で成り立つことをbin/build_births.pyが検算している
1992,2019,1179000,total,https://www.ipss.go.jp/syoushika/bunken/data/pdf/101827_4.pdf,1992-09-30,表2-5(中位推計)。原本はスキャンPDFのため数値は目視で書き写しており1000人単位の整数で公表されている。出生-死亡=自然増加が全35年分で成り立つことをbin/build_births.pyが検算している
1992,2020,1162000,total,https://www.ipss.go.jp/syoushika/bunken/data/pdf/101827_4.pdf,1992-09-30,表2-5(中位推計)。原本はスキャンPDFのため数値は目視で書き写しており1000人単位の整数で公表されている。出生-死亡=自然増加が全35年分で成り立つことをbin/build_births.pyが検算している
1992,2021,1150000,total,https://www.ipss.go.jp/syoushika/bunken/data/pdf/101827_4.pdf,1992-09-30,表2-5(中位推計)。原本はスキャンPDFのため数値は目視で書き写しており1000人単位の整数で公表されている。出生-死亡=自然増加が全35年分で成り立つことをbin/build_births.pyが検算している
1992,2022,1143000,total,https://www.ipss.go.jp/syoushika/bunken/data/pdf/101827_4.pdf,1992-09-30,表2-5(中位推計)。原本はスキャンPDFのため数値は目視で書き写しており1000人単位の整数で公表されている。出生-死亡=自然増加が全35年分で成り立つことをbin/build_births.pyが検算している
1992,2023,1139000,total,https://www.ipss.go.jp/syoushika/bunken/data/pdf/101827_4.pdf,1992-09-30,表2-5(中位推計)。原本はスキャンPDFのため数値は目視で書き写しており1000人単位の整数で公表されている。出生-死亡=自然増加が全35年分で成り立つことをbin/build_births.pyが検算している
1992,2024,1140000,total,https://www.ipss.go.jp/syoushika/bunken/data/pdf/101827_4.pdf,1992-09-30,表2-5(中位推計)。原本はスキャンPDFのため数値は目視で書き写しており1000人単位の整数で公表されている。出生-死亡=自然増加が全35年分で成り立つことをbin/build_births.pyが検算している
1992,2025,1144000,total,https://www.ipss.go.jp/syoushika/bunken/data/pdf/101827_4.pdf,1992-09-30,表2-5(中位推計)。原本はスキャンPDFのため数値は目視で書き写しており1000人単位の整数で公表されている。出生-死亡=自然増加が全35年分で成り立つことをbin/build_births.pyが検算している
1997,1996,1220000,total,https://www.ipss.go.jp/pp-zenkoku/j/zenkoku1997/db_zenkoku1997/s_tables/pp1997_chu_T2_1_6.xls,1997-04-25,表2-1-6(中位推計)。1000人単位の整数で公表されており1000人未満は丸められている
1997,1997,1221000,total,https://www.ipss.go.jp/pp-zenkoku/j/zenkoku1997/db_zenkoku1997/s_tables/pp1997_chu_T2_1_6.xls,1997-04-25,表2-1-6(中位推計)。1000人単位の整数で公表されており1000人未満は丸められている
1997,1998,1225000,total,https://www.ipss.go.jp/pp-zenkoku/j/zenkoku1997/db_zenkoku1997/s_tables/pp1997_chu_T2_1_6.xls,1997-04-25,表2-1-6(中位推計)。1000人単位の整数で公表されており1000人未満は丸められている
1997,1999,1231000,total,https://www.ipss.go.jp/pp-zenkoku/j/zenkoku1997/db_zenkoku1997/s_tables/pp1997_chu_T2_1_6.xls,1997-04-25,表2-1-6(中位推計)。1000人単位の整数で公表されており1000人未満は丸められている
1997,2000,1239000,total,https://www.ipss.go.jp/pp-zenkoku/j/zenkoku1997/db_zenkoku1997/s_tables/pp1997_chu_T2_1_6.xls,1997-04-25,表2-1-6(中位推計)。1000人単位の整数で公表されており1000人未満は丸められている
1997,2001,1246000,total,https://www.ipss.go.jp/pp-zenkoku/j/zenkoku1997/db_zenkoku1997/s_tables/pp1997_chu_T2_1_6.xls,1997-04-25,表2-1-6(中位推計)。1000人単位の整数で公表されており1000人未満は丸められている
1997,2002,1251000,total,https://www.ipss.go.jp/pp-zenkoku/j/zenkoku1997/db_zenkoku1997/s_tables/pp1997_chu_T2_1_6.xls,1997-04-25,表2-1-6(中位推計)。1000人単位の整数で公表されており1000人未満は丸められている
1997,2003,1254000,total,https://www.ipss.go.jp/pp-zenkoku/j/zenkoku1997/db_zenkoku1997/s_tables/pp1997_chu_T2_1_6.xls,1997-04-25,表2-1-6(中位推計)。1000人単位の整数で公表されており1000人未満は丸められている
1997,2004,1254000,total,https://www.ipss.go.jp/pp-zenkoku/j/zenkoku1997/db_zenkoku1997/s_tables/pp1997_chu_T2_1_6.xls,1997-04-25,表2-1-6(中位推計)。1000人単位の整数で公表されており1000人未満は丸められている
1997,2005,1251000,total,https://www.ipss.go.jp/pp-zenkoku/j/zenkoku1997/db_zenkoku1997/s_tables/pp1997_chu_T2_1_6.xls,1997-04-25,表2-1-6(中位推計)。1000人単位の整数で公表されており1000人未満は丸められている
1997,2006,1245000,total,https://www.ipss.go.jp/pp-zenkoku/j/zenkoku1997/db_zenkoku1997/s_tables/pp1997_chu_T2_1_6.xls,1997-04-25,表2-1-6(中位推計)。1000人単位の整数で公表されており1000人未満は丸められている
1997,2007,1236000,total,https://www.ipss.go.jp/pp-zenkoku/j/zenkoku1997/db_zenkoku1997/s_tables/pp1997_chu_T2_1_6.xls,1997-04-25,表2-1-6(中位推計)。1000人単位の整数で公表されており1000人未満は丸められている
1997,2008,1225000,total,https://www.ipss.go.jp/pp-zenkoku/j/zenkoku1997/db_zenkoku1997/s_tables/pp1997_chu_T2_1_6.xls,1997-04-25,表2-1-6(中位推計)。1000人単位の整数で公表されており1000人未満は丸められている
1997,2009,1212000,total,https://www.ipss.go.jp/pp-zenkoku/j/zenkoku1997/db_zenkoku1997/s_tables/pp1997_chu_T2_1_6.xls,1997-04-25,表2-1-6(中位推計)。1000人単位の整数で公表されており1000人未満は丸められている
1997,2010,1198000,total,https://www.ipss.go.jp/pp-zenkoku/j/zenkoku1997/db_zenkoku1997/s_tables/pp1997_chu_T2_1_6.xls,1997-04-25,表2-1-6(中位推計)。1000人単位の整数で公表されており1000人未満は丸められている
1997,2011,1182000,total,https://www.ipss.go.jp/pp-zenkoku/j/zenkoku1997/db_zenkoku1997/s_tables/pp1997_chu_T2_1_6.xls,1997-04-25,表2-1-6(中位推計)。1000人単位の整数で公表されており1000人未満は丸められている
1997,2012,1164000,total,https://www.ipss.go.jp/pp-zenkoku/j/zenkoku1997/db_zenkoku1997/s_tables/pp1997_chu_T2_1_6.xls,1997-04-25,表2-1-6(中位推計)。1000人単位の整数で公表されており1000人未満は丸められている
1997,2013,1146000,total,https://www.ipss.go.jp/pp-zenkoku/j/zenkoku1997/db_zenkoku1997/s_tables/pp1997_chu_T2_1_6.xls,1997-04-25,表2-1-6(中位推計)。1000人単位の整数で公表されており1000人未満は丸められている
1997,2014,1128000,total,https://www.ipss.go.jp/pp-zenkoku/j/zenkoku1997/db_zenkoku1997/s_tables/pp1997_chu_T2_1_6.xls,1997-04-25,表2-1-6(中位推計)。1000人単位の整数で公表されており1000人未満は丸められている
1997,2015,1109000,total,https://www.ipss.go.jp/pp-zenkoku/j/zenkoku1997/db_zenkoku1997/s_tables/pp1997_chu_T2_1_6.xls,1997-04-25,表2-1-6(中位推計)。1000人単位の整数で公表されており1000人未満は丸められている
1997,2016,1090000,total,https://www.ipss.go.jp/pp-zenkoku/j/zenkoku1997/db_zenkoku1997/s_tables/pp1997_chu_T2_1_6.xls,1997-04-25,表2-1-6(中位推計)。1000人単位の整数で公表されており1000人未満は丸められている
1997,2017,1072000,total,https://www.ipss.go.jp/pp-zenkoku/j/zenkoku1997/db_zenkoku1997/s_tables/pp1997_chu_T2_1_6.xls,1997-04-25,表2-1-6(中位推計)。1000人単位の整数で公表されており1000人未満は丸められている
1997,2018,1054000,total,https://www.ipss.go.jp/pp-zenkoku/j/zenkoku1997/db_zenkoku1997/s_tables/pp1997_chu_T2_1_6.xls,1997-04-25,表2-1-6(中位推計)。1000人単位の整数で公表されており1000人未満は丸められている
1997,2019,1038000,total,https://www.ipss.go.jp/pp-zenkoku/j/zenkoku1997/db_zenkoku1997/s_tables/pp1997_chu_T2_1_6.xls,1997-04-25,表2-1-6(中位推計)。1000人単位の整数で公表されており1000人未満は丸められている
1997,2020,1022000,total,https://www.ipss.go.jp/pp-zenkoku/j/zenkoku1997/db_zenkoku1997/s_tables/pp1997_chu_T2_1_6.xls,1997-04-25,表2-1-6(中位推計)。1000人単位の整数で公表されており1000人未満は丸められている
1997,2021,1008000,total,https://www.ipss.go.jp/pp-zenkoku/j/zenkoku1997/db_zenkoku1997/s_tables/pp1997_chu_T2_1_6.xls,1997-04-25,表2-1-6(中位推計)。1000人単位の整数で公表されており1000人未満は丸められている
1997,2022,995000,total,https://www.ipss.go.jp/pp-zenkoku/j/zenkoku1997/db_zenkoku1997/s_tables/pp1997_chu_T2_1_6.xls,1997-04-25,表2-1-6(中位推計)。1000人単位の整数で公表されており1000人未満は丸められている
1997,2023,985000,total,https://www.ipss.go.jp/pp-zenkoku/j/zenkoku1997/db_zenkoku1997/s_tables/pp1997_chu_T2_1_6.xls,1997-04-25,表2-1-6(中位推計)。1000人単位の整数で公表されており1000人未満は丸められている
1997,2024,977000,total,https://www.ipss.go.jp/pp-zenkoku/j/zenkoku1997/db_zenkoku1997/s_tables/pp1997_chu_T2_1_6.xls,1997-04-25,表2-1-6(中位推計)。1000人単位の整数で公表されており1000人未満は丸められている
1997,2025,970000,total,https://www.ipss.go.jp/pp-zenkoku/j/zenkoku1997/db_zenkoku1997/s_tables/pp1997_chu_T2_1_6.xls,1997-04-25,表2-1-6(中位推計)。1000人単位の整数で公表されており1000人未満は丸められている
1997,2026,965000,total,https://www.ipss.go.jp/pp-zenkoku/j/zenkoku1997/db_zenkoku1997/s_tables/pp1997_chu_T2_1_6.xls,1997-04-25,表2-1-6(中位推計)。1000人単位の整数で公表されており1000人未満は丸められている
1997,2027,961000,total,https://www.ipss.go.jp/pp-zenkoku/j/zenkoku1997/db_zenkoku1997/s_tables/pp1997_chu_T2_1_6.xls,1997-04-25,表2-1-6(中位推計)。1000人単位の整数で公表されており1000人未満は丸められている
1997,2028,959000,total,https://www.ipss.go.jp/pp-zenkoku/j/zenkoku1997/db_zenkoku1997/s_tables/pp1997_chu_T2_1_6.xls,1997-04-25,表2-1-6(中位推計)。1000人単位の整数で公表されており1000人未満は丸められている
1997,2029,957000,total,https://www.ipss.go.jp/pp-zenkoku/j/zenkoku1997/db_zenkoku1997/s_tables/pp1997_chu_T2_1_6.xls,1997-04-25,表2-1-6(中位推計)。1000人単位の整数で公表されており1000人未満は丸められている
1997,2030,956000,total,https://www.ipss.go.jp/pp-zenkoku/j/zenkoku1997/db_zenkoku1997/s_tables/pp1997_chu_T2_1_6.xls,1997-04-25,表2-1-6(中位推計)。1000人単位の整数で公表されており1000人未満は丸められている
1997,2031,954000,total,https://www.ipss.go.jp/pp-zenkoku/j/zenkoku1997/db_zenkoku1997/s_tables/pp1997_chu_T2_1_6.xls,1997-04-25,表2-1-6(中位推計)。1000人単位の整数で公表されており1000人未満は丸められている
1997,2032,953000,total,https://www.ipss.go.jp/pp-zenkoku/j/zenkoku1997/db_zenkoku1997/s_tables/pp1997_chu_T2_1_6.xls,1997-04-25,表2-1-6(中位推計)。1000人単位の整数で公表されており1000人未満は丸められている
1997,2033,951000,total,https://www.ipss.go.jp/pp-zenkoku/j/zenkoku1997/db_zenkoku1997/s_tables/pp1997_chu_T2_1_6.xls,1997-04-25,表2-1-6(中位推計)。1000人単位の整数で公表されており1000人未満は丸められている
1997,2034,949000,total,https://www.ipss.go.jp/pp-zenkoku/j/zenkoku1997/db_zenkoku1997/s_tables/pp1997_chu_T2_1_6.xls,1997-04-25,表2-1-6(中位推計)。1000人単位の整数で公表されており1000人未満は丸められている
1997,2035,946000,total,https://www.ipss.go.jp/pp-zenkoku/j/zenkoku1997/db_zenkoku1997/s_tables/pp1997_chu_T2_1_6.xls,1997-04-25,表2-1-6(中位推計)。1000人単位の整数で公表されており1000人未満は丸められている
1997,2036,942000,total,https://www.ipss.go.jp/pp-zenkoku/j/zenkoku1997/db_zenkoku1997/s_tables/pp1997_chu_T2_1_6.xls,1997-04-25,表2-1-6(中位推計)。1000人単位の整数で公表されており1000人未満は丸められている
1997,2037,937000,total,https://www.ipss.go.jp/pp-zenkoku/j/zenkoku1997/db_zenkoku1997/s_tables/pp1997_chu_T2_1_6.xls,1997-04-25,表2-1-6(中位推計)。1000人単位の整数で公表されており1000人未満は丸められている
1997,2038,931000,total,https://www.ipss.go.jp/pp-zenkoku/j/zenkoku1997/db_zenkoku1997/s_tables/pp1997_chu_T2_1_6.xls,1997-04-25,表2-1-6(中位推計)。1000人単位の整数で公表されており1000人未満は丸められている
1997,2039,924000,total,https://www.ipss.go.jp/pp-zenkoku/j/zenkoku1997/db_zenkoku1997/s_tables/pp1997_chu_T2_1_6.xls,1997-04-25,表2-1-6(中位推計)。1000人単位の整数で公表されており1000人未満は丸められている
1997,2040,916000,total,https://www.ipss.go.jp/pp-zenkoku/j/zenkoku1997/db_zenkoku1997/s_tables/pp1997_chu_T2_1_6.xls,1997-04-25,表2-1-6(中位推計)。1000人単位の整数で公表されており1000人未満は丸められている
1997,2041,907000,total,https://www.ipss.go.jp/pp-zenkoku/j/zenkoku1997/db_zenkoku1997/s_tables/pp1997_chu_T2_1_6.xls,1997-04-25,表2-1-6(中位推計)。1000人単位の整数で公表されており1000人未満は丸められている
1997,2042,898000,total,https://www.ipss.go.jp/pp-zenkoku/j/zenkoku1997/db_zenkoku1997/s_tables/pp1997_chu_T2_1_6.xls,1997-04-25,表2-1-6(中位推計)。1000人単位の整数で公表されており1000人未満は丸められている
1997,2043,887000,total,https://www.ipss.go.jp/pp-zenkoku/j/zenkoku1997/db_zenkoku1997/s_tables/pp1997_chu_T2_1_6.xls,1997-04-25,表2-1-6(中位推計)。1000人単位の整数で公表されており1000人未満は丸められている
1997,2044,877000,total,https://www.ipss.go.jp/pp-zenkoku/j/zenkoku1997/db_zenkoku1997/s_tables/pp1997_chu_T2_1_6.xls,1997-04-25,表2-1-6(中位推計)。1000人単位の整数で公表されており1000人未満は丸められている
1997,2045,866000,total,https://www.ipss.go.jp/pp-zenkoku/j/zenkoku1997/db_zenkoku1997/s_tables/pp1997_chu_T2_1_6.xls,1997-04-25,表2-1-6(中位推計)。1000人単位の整数で公表されており1000人未満は丸められている
1997,2046,854000,total,https://www.ipss.go.jp/pp-zenkoku/j/zenkoku1997/db_zenkoku1997/s_tables/pp1997_chu_T2_1_6.xls,1997-04-25,表2-1-6(中位推計)。1000人単位の整数で公表されており1000人未満は丸められている
1997,2047,843000,total,https://www.ipss.go.jp/pp-zenkoku/j/zenkoku1997/db_zenkoku1997/s_tables/pp1997_chu_T2_1_6.xls,1997-04-25,表2-1-6(中位推計)。1000人単位の整数で公表されており1000人未満は丸められている
1997,2048,832000,total,https://www.ipss.go.jp/pp-zenkoku/j/zenkoku1997/db_zenkoku1997/s_tables/pp1997_chu_T2_1_6.xls,1997-04-25,表2-1-6(中位推計)。1000人単位の整数で公表されており1000人未満は丸められている
1997,2049,822000,total,https://www.ipss.go.jp/pp-zenkoku/j/zenkoku1997/db_zenkoku1997/s_tables/pp1997_chu_T2_1_6.xls,1997-04-25,表2-1-6(中位推計)。1000人単位の整数で公表されており1000人未満は丸められている
1997,2050,812000,total,https://www.ipss.go.jp/pp-zenkoku/j/zenkoku1997/db_zenkoku1997/s_tables/pp1997_chu_T2_1_6.xls,1997-04-25,表2-1-6(中位推計)。1000人単位の整数で公表されており1000人未満は丸められている
2002,2001,1194051,total,https://www.ipss.go.jp/pp-zenkoku/j/zenkoku2002/db_zenkoku2002/s_tables/pp2002_chu_T1_1_7.xls,2002-01,表1-1-7(中位推計)
2002,2002,1182816,total,https://www.ipss.go.jp/pp-zenkoku/j/zenkoku2002/db_zenkoku2002/s_tables/pp2002_chu_T1_1_7.xls,2002-01,表1-1-7(中位推計)
2002,2003,1169511,total,https://www.ipss.go.jp/pp-zenkoku/j/zenkoku2002/db_zenkoku2002/s_tables/pp2002_chu_T1_1_7.xls,2002-01,表1-1-7(中位推計)
2002,2004,1154213,total,https://www.ipss.go.jp/pp-zenkoku/j/zenkoku2002/db_zenkoku2002/s_tables/pp2002_chu_T1_1_7.xls,2002-01,表1-1-7(中位推計)
2002,2005,1136984,total,https://www.ipss.go.jp/pp-zenkoku/j/zenkoku2002/db_zenkoku2002/s_tables/pp2002_chu_T1_1_7.xls,2002-01,表1-1-7(中位推計)
2002,2006,1119141,total,https://www.ipss.go.jp/pp-zenkoku/j/zenkoku2002/db_zenkoku2002/s_tables/pp2002_chu_T1_1_7.xls,2002-01,表1-1-7(中位推計)
2002,2007,1101806,total,https://www.ipss.go.jp/pp-zenkoku/j/zenkoku2002/db_zenkoku2002/s_tables/pp2002_chu_T1_1_7.xls,2002-01,表1-1-7(中位推計)
2002,2008,1085263,total,https://www.ipss.go.jp/pp-zenkoku/j/zenkoku2002/db_zenkoku2002/s_tables/pp2002_chu_T1_1_7.xls,2002-01,表1-1-7(中位推計)
2002,2009,1069494,total,https://www.ipss.go.jp/pp-zenkoku/j/zenkoku2002/db_zenkoku2002/s_tables/pp2002_chu_T1_1_7.xls,2002-01,表1-1-7(中位推計)
2002,2010,1054862,total,https://www.ipss.go.jp/pp-zenkoku/j/zenkoku2002/db_zenkoku2002/s_tables/pp2002_chu_T1_1_7.xls,2002-01,表1-1-7(中位推計)
2002,2011,1040727,total,https://www.ipss.go.jp/pp-zenkoku/j/zenkoku2002/db_zenkoku2002/s_tables/pp2002_chu_T1_1_7.xls,2002-01,表1-1-7(中位推計)
2002,2012,1026805,total,https://www.ipss.go.jp/pp-zenkoku/j/zenkoku2002/db_zenkoku2002/s_tables/pp2002_chu_T1_1_7.xls,2002-01,表1-1-7(中位推計)
2002,2013,1012799,total,https://www.ipss.go.jp/pp-zenkoku/j/zenkoku2002/db_zenkoku2002/s_tables/pp2002_chu_T1_1_7.xls,2002-01,表1-1-7(中位推計)
2002,2014,998908,total,https://www.ipss.go.jp/pp-zenkoku/j/zenkoku2002/db_zenkoku2002/s_tables/pp2002_chu_T1_1_7.xls,2002-01,表1-1-7(中位推計)
2002,2015,984819,total,https://www.ipss.go.jp/pp-zenkoku/j/zenkoku2002/db_zenkoku2002/s_tables/pp2002_chu_T1_1_7.xls,2002-01,表1-1-7(中位推計)
2002,2016,970576,total,https://www.ipss.go.jp/pp-zenkoku/j/zenkoku2002/db_zenkoku2002/s_tables/pp2002_chu_T1_1_7.xls,2002-01,表1-1-7(中位推計)
2002,2017,955856,total,https://www.ipss.go.jp/pp-zenkoku/j/zenkoku2002/db_zenkoku2002/s_tables/pp2002_chu_T1_1_7.xls,2002-01,表1-1-7(中位推計)
2002,2018,941249,total,https://www.ipss.go.jp/pp-zenkoku/j/zenkoku2002/db_zenkoku2002/s_tables/pp2002_chu_T1_1_7.xls,2002-01,表1-1-7(中位推計)
2002,2019,927530,total,https://www.ipss.go.jp/pp-zenkoku/j/zenkoku2002/db_zenkoku2002/s_tables/pp2002_chu_T1_1_7.xls,2002-01,表1-1-7(中位推計)
2002,2020,914127,total,https://www.ipss.go.jp/pp-zenkoku/j/zenkoku2002/db_zenkoku2002/s_tables/pp2002_chu_T1_1_7.xls,2002-01,表1-1-7(中位推計)
2002,2021,901624,total,https://www.ipss.go.jp/pp-zenkoku/j/zenkoku2002/db_zenkoku2002/s_tables/pp2002_chu_T1_1_7.xls,2002-01,表1-1-7(中位推計)
2002,2022,890585,total,https://www.ipss.go.jp/pp-zenkoku/j/zenkoku2002/db_zenkoku2002/s_tables/pp2002_chu_T1_1_7.xls,2002-01,表1-1-7(中位推計)
2002,2023,880379,total,https://www.ipss.go.jp/pp-zenkoku/j/zenkoku2002/db_zenkoku2002/s_tables/pp2002_chu_T1_1_7.xls,2002-01,表1-1-7(中位推計)
2002,2024,871129,total,https://www.ipss.go.jp/pp-zenkoku/j/zenkoku2002/db_zenkoku2002/s_tables/pp2002_chu_T1_1_7.xls,2002-01,表1-1-7(中位推計)
2002,2025,862709,total,https://www.ipss.go.jp/pp-zenkoku/j/zenkoku2002/db_zenkoku2002/s_tables/pp2002_chu_T1_1_7.xls,2002-01,表1-1-7(中位推計)
2002,2026,854712,total,https://www.ipss.go.jp/pp-zenkoku/j/zenkoku2002/db_zenkoku2002/s_tables/pp2002_chu_T1_1_7.xls,2002-01,表1-1-7(中位推計)
2002,2027,847300,total,https://www.ipss.go.jp/pp-zenkoku/j/zenkoku2002/db_zenkoku2002/s_tables/pp2002_chu_T1_1_7.xls,2002-01,表1-1-7(中位推計)
2002,2028,840421,total,https://www.ipss.go.jp/pp-zenkoku/j/zenkoku2002/db_zenkoku2002/s_tables/pp2002_chu_T1_1_7.xls,2002-01,表1-1-7(中位推計)
2002,2029,833895,total,https://www.ipss.go.jp/pp-zenkoku/j/zenkoku2002/db_zenkoku2002/s_tables/pp2002_chu_T1_1_7.xls,2002-01,表1-1-7(中位推計)
2002,2030,827544,total,https://www.ipss.go.jp/pp-zenkoku/j/zenkoku2002/db_zenkoku2002/s_tables/pp2002_chu_T1_1_7.xls,2002-01,表1-1-7(中位推計)
2002,2031,821219,total,https://www.ipss.go.jp/pp-zenkoku/j/zenkoku2002/db_zenkoku2002/s_tables/pp2002_chu_T1_1_7.xls,2002-01,表1-1-7(中位推計)
2002,2032,814765,total,https://www.ipss.go.jp/pp-zenkoku/j/zenkoku2002/db_zenkoku2002/s_tables/pp2002_chu_T1_1_7.xls,2002-01,表1-1-7(中位推計)
2002,2033,808035,total,https://www.ipss.go.jp/pp-zenkoku/j/zenkoku2002/db_zenkoku2002/s_tables/pp2002_chu_T1_1_7.xls,2002-01,表1-1-7(中位推計)
2002,2034,801022,total,https://www.ipss.go.jp/pp-zenkoku/j/zenkoku2002/db_zenkoku2002/s_tables/pp2002_chu_T1_1_7.xls,2002-01,表1-1-7(中位推計)
2002,2035,793706,total,https://www.ipss.go.jp/pp-zenkoku/j/zenkoku2002/db_zenkoku2002/s_tables/pp2002_chu_T1_1_7.xls,2002-01,表1-1-7(中位推計)
2002,2036,786053,total,https://www.ipss.go.jp/pp-zenkoku/j/zenkoku2002/db_zenkoku2002/s_tables/pp2002_chu_T1_1_7.xls,2002-01,表1-1-7(中位推計)
2002,2037,778084,total,https://www.ipss.go.jp/pp-zenkoku/j/zenkoku2002/db_zenkoku2002/s_tables/pp2002_chu_T1_1_7.xls,2002-01,表1-1-7(中位推計)
2002,2038,769837,total,https://www.ipss.go.jp/pp-zenkoku/j/zenkoku2002/db_zenkoku2002/s_tables/pp2002_chu_T1_1_7.xls,2002-01,表1-1-7(中位推計)
2002,2039,761353,total,https://www.ipss.go.jp/pp-zenkoku/j/zenkoku2002/db_zenkoku2002/s_tables/pp2002_chu_T1_1_7.xls,2002-01,表1-1-7(中位推計)
2002,2040,752689,total,https://www.ipss.go.jp/pp-zenkoku/j/zenkoku2002/db_zenkoku2002/s_tables/pp2002_chu_T1_1_7.xls,2002-01,表1-1-7(中位推計)
2002,2041,743899,total,https://www.ipss.go.jp/pp-zenkoku/j/zenkoku2002/db_zenkoku2002/s_tables/pp2002_chu_T1_1_7.xls,2002-01,表1-1-7(中位推計)
2002,2042,735024,total,https://www.ipss.go.jp/pp-zenkoku/j/zenkoku2002/db_zenkoku2002/s_tables/pp2002_chu_T1_1_7.xls,2002-01,表1-1-7(中位推計)
2002,2043,726111,total,https://www.ipss.go.jp/pp-zenkoku/j/zenkoku2002/db_zenkoku2002/s_tables/pp2002_chu_T1_1_7.xls,2002-01,表1-1-7(中位推計)
2002,2044,717204,total,https://www.ipss.go.jp/pp-zenkoku/j/zenkoku2002/db_zenkoku2002/s_tables/pp2002_chu_T1_1_7.xls,2002-01,表1-1-7(中位推計)
2002,2045,708344,total,https://www.ipss.go.jp/pp-zenkoku/j/zenkoku2002/db_zenkoku2002/s_tables/pp2002_chu_T1_1_7.xls,2002-01,表1-1-7(中位推計)
2002,2046,699576,total,https://www.ipss.go.jp/pp-zenkoku/j/zenkoku2002/db_zenkoku2002/s_tables/pp2002_chu_T1_1_7.xls,2002-01,表1-1-7(中位推計)
2002,2047,690944,total,https://www.ipss.go.jp/pp-zenkoku/j/zenkoku2002/db_zenkoku2002/s_tables/pp2002_chu_T1_1_7.xls,2002-01,表1-1-7(中位推計)
2002,2048,682492,total,https://www.ipss.go.jp/pp-zenkoku/j/zenkoku2002/db_zenkoku2002/s_tables/pp2002_chu_T1_1_7.xls,2002-01,表1-1-7(中位推計)
2002,2049,674266,total,https://www.ipss.go.jp/pp-zenkoku/j/zenkoku2002/db_zenkoku2002/s_tables/pp2002_chu_T1_1_7.xls,2002-01,表1-1-7(中位推計)
2002,2050,666901,total,https://www.ipss.go.jp/pp-zenkoku/j/zenkoku2002/db_zenkoku2002/s_tables/pp2002_chu_T1_1_7.xls,2002-01,表1-1-7(中位推計)
2006,2006,1089870,total,https://www.ipss.go.jp/syoushika/tohkei/suikei07/houkoku/kekka-1/1-8.xls,2006-12,表1-8(出生中位・死亡中位推計)
2006,2007,1022168,total,https://www.ipss.go.jp/syoushika/tohkei/suikei07/houkoku/kekka-1/1-8.xls,2006-12,表1-8(出生中位・死亡中位推計)
2006,2008,986916,total,https://www.ipss.go.jp/syoushika/tohkei/suikei07/houkoku/kekka-1/1-8.xls,2006-12,表1-8(出生中位・死亡中位推計)
2006,2009,959950,total,https://www.ipss.go.jp/syoushika/tohkei/suikei07/houkoku/kekka-1/1-8.xls,2006-12,表1-8(出生中位・死亡中位推計)
2006,2010,934629,total,https://www.ipss.go.jp/syoushika/tohkei/suikei07/houkoku/kekka-1/1-8.xls,2006-12,表1-8(出生中位・死亡中位推計)
2006,2011,911130,total,https://www.ipss.go.jp/syoushika/tohkei/suikei07/houkoku/kekka-1/1-8.xls,2006-12,表1-8(出生中位・死亡中位推計)
2006,2012,889574,total,https://www.ipss.go.jp/syoushika/tohkei/suikei07/houkoku/kekka-1/1-8.xls,2006-12,表1-8(出生中位・死亡中位推計)
2006,2013,869963,total,https://www.ipss.go.jp/syoushika/tohkei/suikei07/houkoku/kekka-1/1-8.xls,2006-12,表1-8(出生中位・死亡中位推計)
2006,2014,852201,total,https://www.ipss.go.jp/syoushika/tohkei/suikei07/houkoku/kekka-1/1-8.xls,2006-12,表1-8(出生中位・死亡中位推計)
2006,2015,836110,total,https://www.ipss.go.jp/syoushika/tohkei/suikei07/houkoku/kekka-1/1-8.xls,2006-12,表1-8(出生中位・死亡中位推計)
2006,2016,821430,total,https://www.ipss.go.jp/syoushika/tohkei/suikei07/houkoku/kekka-1/1-8.xls,2006-12,表1-8(出生中位・死亡中位推計)
2006,2017,807861,total,https://www.ipss.go.jp/syoushika/tohkei/suikei07/houkoku/kekka-1/1-8.xls,2006-12,表1-8(出生中位・死亡中位推計)
2006,2018,795266,total,https://www.ipss.go.jp/syoushika/tohkei/suikei07/houkoku/kekka-1/1-8.xls,2006-12,表1-8(出生中位・死亡中位推計)
2006,2019,783674,total,https://www.ipss.go.jp/syoushika/tohkei/suikei07/houkoku/kekka-1/1-8.xls,2006-12,表1-8(出生中位・死亡中位推計)
2006,2020,773023,total,https://www.ipss.go.jp/syoushika/tohkei/suikei07/houkoku/kekka-1/1-8.xls,2006-12,表1-8(出生中位・死亡中位推計)
2006,2021,763265,total,https://www.ipss.go.jp/syoushika/tohkei/suikei07/houkoku/kekka-1/1-8.xls,2006-12,表1-8(出生中位・死亡中位推計)
2006,2022,754355,total,https://www.ipss.go.jp/syoushika/tohkei/suikei07/houkoku/kekka-1/1-8.xls,2006-12,表1-8(出生中位・死亡中位推計)
2006,2023,746167,total,https://www.ipss.go.jp/syoushika/tohkei/suikei07/houkoku/kekka-1/1-8.xls,2006-12,表1-8(出生中位・死亡中位推計)
2006,2024,738569,total,https://www.ipss.go.jp/syoushika/tohkei/suikei07/houkoku/kekka-1/1-8.xls,2006-12,表1-8(出生中位・死亡中位推計)
2006,2025,731420,total,https://www.ipss.go.jp/syoushika/tohkei/suikei07/houkoku/kekka-1/1-8.xls,2006-12,表1-8(出生中位・死亡中位推計)
2006,2026,724534,total,https://www.ipss.go.jp/syoushika/tohkei/suikei07/houkoku/kekka-1/1-8.xls,2006-12,表1-8(出生中位・死亡中位推計)
2006,2027,717682,total,https://www.ipss.go.jp/syoushika/tohkei/suikei07/houkoku/kekka-1/1-8.xls,2006-12,表1-8(出生中位・死亡中位推計)
2006,2028,710647,total,https://www.ipss.go.jp/syoushika/tohkei/suikei07/houkoku/kekka-1/1-8.xls,2006-12,表1-8(出生中位・死亡中位推計)
2006,2029,703259,total,https://www.ipss.go.jp/syoushika/tohkei/suikei07/houkoku/kekka-1/1-8.xls,2006-12,表1-8(出生中位・死亡中位推計)
2006,2030,695367,total,https://www.ipss.go.jp/syoushika/tohkei/suikei07/houkoku/kekka-1/1-8.xls,2006-12,表1-8(出生中位・死亡中位推計)
2006,2031,686818,total,https://www.ipss.go.jp/syoushika/tohkei/suikei07/houkoku/kekka-1/1-8.xls,2006-12,表1-8(出生中位・死亡中位推計)
2006,2032,677494,total,https://www.ipss.go.jp/syoushika/tohkei/suikei07/houkoku/kekka-1/1-8.xls,2006-12,表1-8(出生中位・死亡中位推計)
2006,2033,667371,total,https://www.ipss.go.jp/syoushika/tohkei/suikei07/houkoku/kekka-1/1-8.xls,2006-12,表1-8(出生中位・死亡中位推計)
2006,2034,656491,total,https://www.ipss.go.jp/syoushika/tohkei/suikei07/houkoku/kekka-1/1-8.xls,2006-12,表1-8(出生中位・死亡中位推計)
2006,2035,644942,total,https://www.ipss.go.jp/syoushika/tohkei/suikei07/houkoku/kekka-1/1-8.xls,2006-12,表1-8(出生中位・死亡中位推計)
2006,2036,632851,total,https://www.ipss.go.jp/syoushika/tohkei/suikei07/houkoku/kekka-1/1-8.xls,2006-12,表1-8(出生中位・死亡中位推計)
2006,2037,620369,total,https://www.ipss.go.jp/syoushika/tohkei/suikei07/houkoku/kekka-1/1-8.xls,2006-12,表1-8(出生中位・死亡中位推計)
2006,2038,607674,total,https://www.ipss.go.jp/syoushika/tohkei/suikei07/houkoku/kekka-1/1-8.xls,2006-12,表1-8(出生中位・死亡中位推計)
2006,2039,594946,total,https://www.ipss.go.jp/syoushika/tohkei/suikei07/houkoku/kekka-1/1-8.xls,2006-12,表1-8(出生中位・死亡中位推計)
2006,2040,582357,total,https://www.ipss.go.jp/syoushika/tohkei/suikei07/houkoku/kekka-1/1-8.xls,2006-12,表1-8(出生中位・死亡中位推計)
2006,2041,570068,total,https://www.ipss.go.jp/syoushika/tohkei/suikei07/houkoku/kekka-1/1-8.xls,2006-12,表1-8(出生中位・死亡中位推計)
2006,2042,558216,total,https://www.ipss.go.jp/syoushika/tohkei/suikei07/houkoku/kekka-1/1-8.xls,2006-12,表1-8(出生中位・死亡中位推計)
2006,2043,546910,total,https://www.ipss.go.jp/syoushika/tohkei/suikei07/houkoku/kekka-1/1-8.xls,2006-12,表1-8(出生中位・死亡中位推計)
2006,2044,536214,total,https://www.ipss.go.jp/syoushika/tohkei/suikei07/houkoku/kekka-1/1-8.xls,2006-12,表1-8(出生中位・死亡中位推計)
2006,2045,526157,total,https://www.ipss.go.jp/syoushika/tohkei/suikei07/houkoku/kekka-1/1-8.xls,2006-12,表1-8(出生中位・死亡中位推計)
2006,2046,516755,total,https://www.ipss.go.jp/syoushika/tohkei/suikei07/houkoku/kekka-1/1-8.xls,2006-12,表1-8(出生中位・死亡中位推計)
2006,2047,508015,total,https://www.ipss.go.jp/syoushika/tohkei/suikei07/houkoku/kekka-1/1-8.xls,2006-12,表1-8(出生中位・死亡中位推計)
2006,2048,499920,total,https://www.ipss.go.jp/syoushika/tohkei/suikei07/houkoku/kekka-1/1-8.xls,2006-12,表1-8(出生中位・死亡中位推計)
2006,2049,492426,total,https://www.ipss.go.jp/syoushika/tohkei/suikei07/houkoku/kekka-1/1-8.xls,2006-12,表1-8(出生中位・死亡中位推計)
2006,2050,485478,total,https://www.ipss.go.jp/syoushika/tohkei/suikei07/houkoku/kekka-1/1-8.xls,2006-12,表1-8(出生中位・死亡中位推計)
2006,2051,479014,total,https://www.ipss.go.jp/syoushika/tohkei/suikei07/houkoku/kekka-1/1-8.xls,2006-12,表1-8(出生中位・死亡中位推計)
2006,2052,472966,total,https://www.ipss.go.jp/syoushika/tohkei/suikei07/houkoku/kekka-1/1-8.xls,2006-12,表1-8(出生中位・死亡中位推計)
2006,2053,467266,total,https://www.ipss.go.jp/syoushika/tohkei/suikei07/houkoku/kekka-1/1-8.xls,2006-12,表1-8(出生中位・死亡中位推計)
2006,2054,461843,total,https://www.ipss.go.jp/syoushika/tohkei/suikei07/houkoku/kekka-1/1-8.xls,2006-12,表1-8(出生中位・死亡中位推計)
2006,2055,456624,total,https://www.ipss.go.jp/syoushika/tohkei/suikei07/houkoku/kekka-1/1-8.xls,2006-12,表1-8(出生中位・死亡中位推計)
2012,2011,1059245,total,https://www.ipss.go.jp/syoushika/tohkei/newest04/s-kekka/1-8.xls,2012-01,表1-8(出生中位・死亡中位推計)
2012,2012,1017985,total,https://www.ipss.go.jp/syoushika/tohkei/newest04/s-kekka/1-8.xls,2012-01,表1-8(出生中位・死亡中位推計)
2012,2013,1007044,total,https://www.ipss.go.jp/syoushika/tohkei/newest04/s-kekka/1-8.xls,2012-01,表1-8(出生中位・死亡中位推計)
2012,2014,980195,total,https://www.ipss.go.jp/syoushika/tohkei/newest04/s-kekka/1-8.xls,2012-01,表1-8(出生中位・死亡中位推計)
2012,2015,952290,total,https://www.ipss.go.jp/syoushika/tohkei/newest04/s-kekka/1-8.xls,2012-01,表1-8(出生中位・死亡中位推計)
2012,2016,924830,total,https://www.ipss.go.jp/syoushika/tohkei/newest04/s-kekka/1-8.xls,2012-01,表1-8(出生中位・死亡中位推計)
2012,2017,898964,total,https://www.ipss.go.jp/syoushika/tohkei/newest04/s-kekka/1-8.xls,2012-01,表1-8(出生中位・死亡中位推計)
2012,2018,875362,total,https://www.ipss.go.jp/syoushika/tohkei/newest04/s-kekka/1-8.xls,2012-01,表1-8(出生中位・死亡中位推計)
2012,2019,854404,total,https://www.ipss.go.jp/syoushika/tohkei/newest04/s-kekka/1-8.xls,2012-01,表1-8(出生中位・死亡中位推計)
2012,2020,836262,total,https://www.ipss.go.jp/syoushika/tohkei/newest04/s-kekka/1-8.xls,2012-01,表1-8(出生中位・死亡中位推計)
2012,2021,820777,total,https://www.ipss.go.jp/syoushika/tohkei/newest04/s-kekka/1-8.xls,2012-01,表1-8(出生中位・死亡中位推計)
2012,2022,807705,total,https://www.ipss.go.jp/syoushika/tohkei/newest04/s-kekka/1-8.xls,2012-01,表1-8(出生中位・死亡中位推計)
2012,2023,796832,total,https://www.ipss.go.jp/syoushika/tohkei/newest04/s-kekka/1-8.xls,2012-01,表1-8(出生中位・死亡中位推計)
2012,2024,787838,total,https://www.ipss.go.jp/syoushika/tohkei/newest04/s-kekka/1-8.xls,2012-01,表1-8(出生中位・死亡中位推計)
2012,2025,780283,total,https://www.ipss.go.jp/syoushika/tohkei/newest04/s-kekka/1-8.xls,2012-01,表1-8(出生中位・死亡中位推計)
2012,2026,773672,total,https://www.ipss.go.jp/syoushika/tohkei/newest04/s-kekka/1-8.xls,2012-01,表1-8(出生中位・死亡中位推計)
2012,2027,767503,total,https://www.ipss.go.jp/syoushika/tohkei/newest04/s-kekka/1-8.xls,2012-01,表1-8(出生中位・死亡中位推計)
2012,2028,761410,total,https://www.ipss.go.jp/syoushika/tohkei/newest04/s-kekka/1-8.xls,2012-01,表1-8(出生中位・死亡中位推計)
2012,2029,755207,total,https://www.ipss.go.jp/syoushika/tohkei/newest04/s-kekka/1-8.xls,2012-01,表1-8(出生中位・死亡中位推計)
2012,2030,748805,total,https://www.ipss.go.jp/syoushika/tohkei/newest04/s-kekka/1-8.xls,2012-01,表1-8(出生中位・死亡中位推計)
2012,2031,742140,total,https://www.ipss.go.jp/syoushika/tohkei/newest04/s-kekka/1-8.xls,2012-01,表1-8(出生中位・死亡中位推計)
2012,2032,735143,total,https://www.ipss.go.jp/syoushika/tohkei/newest04/s-kekka/1-8.xls,2012-01,表1-8(出生中位・死亡中位推計)
2012,2033,727787,total,https://www.ipss.go.jp/syoushika/tohkei/newest04/s-kekka/1-8.xls,2012-01,表1-8(出生中位・死亡中位推計)
2012,2034,720093,total,https://www.ipss.go.jp/syoushika/tohkei/newest04/s-kekka/1-8.xls,2012-01,表1-8(出生中位・死亡中位推計)
2012,2035,712086,total,https://www.ipss.go.jp/syoushika/tohkei/newest04/s-kekka/1-8.xls,2012-01,表1-8(出生中位・死亡中位推計)
2012,2036,703760,total,https://www.ipss.go.jp/syoushika/tohkei/newest04/s-kekka/1-8.xls,2012-01,表1-8(出生中位・死亡中位推計)
2012,2037,695092,total,https://www.ipss.go.jp/syoushika/tohkei/newest04/s-kekka/1-8.xls,2012-01,表1-8(出生中位・死亡中位推計)
2012,2038,686060,total,https://www.ipss.go.jp/syoushika/tohkei/newest04/s-kekka/1-8.xls,2012-01,表1-8(出生中位・死亡中位推計)
2012,2039,676633,total,https://www.ipss.go.jp/syoushika/tohkei/newest04/s-kekka/1-8.xls,2012-01,表1-8(出生中位・死亡中位推計)
2012,2040,666787,total,https://www.ipss.go.jp/syoushika/tohkei/newest04/s-kekka/1-8.xls,2012-01,表1-8(出生中位・死亡中位推計)
2012,2041,656518,total,https://www.ipss.go.jp/syoushika/tohkei/newest04/s-kekka/1-8.xls,2012-01,表1-8(出生中位・死亡中位推計)
2012,2042,645857,total,https://www.ipss.go.jp/syoushika/tohkei/newest04/s-kekka/1-8.xls,2012-01,表1-8(出生中位・死亡中位推計)
2012,2043,634871,total,https://www.ipss.go.jp/syoushika/tohkei/newest04/s-kekka/1-8.xls,2012-01,表1-8(出生中位・死亡中位推計)
2012,2044,623649,total,https://www.ipss.go.jp/syoushika/tohkei/newest04/s-kekka/1-8.xls,2012-01,表1-8(出生中位・死亡中位推計)
2012,2045,612272,total,https://www.ipss.go.jp/syoushika/tohkei/newest04/s-kekka/1-8.xls,2012-01,表1-8(出生中位・死亡中位推計)
2012,2046,600823,total,https://www.ipss.go.jp/syoushika/tohkei/newest04/s-kekka/1-8.xls,2012-01,表1-8(出生中位・死亡中位推計)
2012,2047,589405,total,https://www.ipss.go.jp/syoushika/tohkei/newest04/s-kekka/1-8.xls,2012-01,表1-8(出生中位・死亡中位推計)
2012,2048,578145,total,https://www.ipss.go.jp/syoushika/tohkei/newest04/s-kekka/1-8.xls,2012-01,表1-8(出生中位・死亡中位推計)
2012,2049,567167,total,https://www.ipss.go.jp/syoushika/tohkei/newest04/s-kekka/1-8.xls,2012-01,表1-8(出生中位・死亡中位推計)
2012,2050,556581,total,https://www.ipss.go.jp/syoushika/tohkei/newest04/s-kekka/1-8.xls,2012-01,表1-8(出生中位・死亡中位推計)
2012,2051,546487,total,https://www.ipss.go.jp/syoushika/tohkei/newest04/s-kekka/1-8.xls,2012-01,表1-8(出生中位・死亡中位推計)
2012,2052,536973,total,https://www.ipss.go.jp/syoushika/tohkei/newest04/s-kekka/1-8.xls,2012-01,表1-8(出生中位・死亡中位推計)
2012,2053,528090,total,https://www.ipss.go.jp/syoushika/tohkei/newest04/s-kekka/1-8.xls,2012-01,表1-8(出生中位・死亡中位推計)
2012,2054,519857,total,https://www.ipss.go.jp/syoushika/tohkei/newest04/s-kekka/1-8.xls,2012-01,表1-8(出生中位・死亡中位推計)
2012,2055,512262,total,https://www.ipss.go.jp/syoushika/tohkei/newest04/s-kekka/1-8.xls,2012-01,表1-8(出生中位・死亡中位推計)
2012,2056,505265,total,https://www.ipss.go.jp/syoushika/tohkei/newest04/s-kekka/1-8.xls,2012-01,表1-8(出生中位・死亡中位推計)
2012,2057,498802,total,https://www.ipss.go.jp/syoushika/tohkei/newest04/s-kekka/1-8.xls,2012-01,表1-8(出生中位・死亡中位推計)
2012,2058,492791,total,https://www.ipss.go.jp/syoushika/tohkei/newest04/s-kekka/1-8.xls,2012-01,表1-8(出生中位・死亡中位推計)
2012,2059,487141,total,https://www.ipss.go.jp/syoushika/tohkei/newest04/s-kekka/1-8.xls,2012-01,表1-8(出生中位・死亡中位推計)
2012,2060,481760,total,https://www.ipss.go.jp/syoushika/tohkei/newest04/s-kekka/1-8.xls,2012-01,表1-8(出生中位・死亡中位推計)
2017,2016,977127,japanese,https://www.ipss.go.jp/pp-zenkoku/j/zenkoku2017/db_zenkoku2017/s_tables/1-8(J).xls,2017-04,表1-8(J)(日本人人口・出生中位・死亡中位推計)
2017,2017,952267,japanese,https://www.ipss.go.jp/pp-zenkoku/j/zenkoku2017/db_zenkoku2017/s_tables/1-8(J).xls,2017-04,表1-8(J)(日本人人口・出生中位・死亡中位推計)
2017,2018,927904,japanese,https://www.ipss.go.jp/pp-zenkoku/j/zenkoku2017/db_zenkoku2017/s_tables/1-8(J).xls,2017-04,表1-8(J)(日本人人口・出生中位・死亡中位推計)
2017,2019,904342,japanese,https://www.ipss.go.jp/pp-zenkoku/j/zenkoku2017/db_zenkoku2017/s_tables/1-8(J).xls,2017-04,表1-8(J)(日本人人口・出生中位・死亡中位推計)
2017,2020,885553,japanese,https://www.ipss.go.jp/pp-zenkoku/j/zenkoku2017/db_zenkoku2017/s_tables/1-8(J).xls,2017-04,表1-8(J)(日本人人口・出生中位・死亡中位推計)
2017,2021,868569,japanese,https://www.ipss.go.jp/pp-zenkoku/j/zenkoku2017/db_zenkoku2017/s_tables/1-8(J).xls,2017-04,表1-8(J)(日本人人口・出生中位・死亡中位推計)
2017,2022,853982,japanese,https://www.ipss.go.jp/pp-zenkoku/j/zenkoku2017/db_zenkoku2017/s_tables/1-8(J).xls,2017-04,表1-8(J)(日本人人口・出生中位・死亡中位推計)
2017,2023,842005,japanese,https://www.ipss.go.jp/pp-zenkoku/j/zenkoku2017/db_zenkoku2017/s_tables/1-8(J).xls,2017-04,表1-8(J)(日本人人口・出生中位・死亡中位推計)
2017,2024,832523,japanese,https://www.ipss.go.jp/pp-zenkoku/j/zenkoku2017/db_zenkoku2017/s_tables/1-8(J).xls,2017-04,表1-8(J)(日本人人口・出生中位・死亡中位推計)
2017,2025,825140,japanese,https://www.ipss.go.jp/pp-zenkoku/j/zenkoku2017/db_zenkoku2017/s_tables/1-8(J).xls,2017-04,表1-8(J)(日本人人口・出生中位・死亡中位推計)
2017,2026,819189,japanese,https://www.ipss.go.jp/pp-zenkoku/j/zenkoku2017/db_zenkoku2017/s_tables/1-8(J).xls,2017-04,表1-8(J)(日本人人口・出生中位・死亡中位推計)
2017,2027,813964,japanese,https://www.ipss.go.jp/pp-zenkoku/j/zenkoku2017/db_zenkoku2017/s_tables/1-8(J).xls,2017-04,表1-8(J)(日本人人口・出生中位・死亡中位推計)
2017,2028,808883,japanese,https://www.ipss.go.jp/pp-zenkoku/j/zenkoku2017/db_zenkoku2017/s_tables/1-8(J).xls,2017-04,表1-8(J)(日本人人口・出生中位・死亡中位推計)
2017,2029,803494,japanese,https://www.ipss.go.jp/pp-zenkoku/j/zenkoku2017/db_zenkoku2017/s_tables/1-8(J).xls,2017-04,表1-8(J)(日本人人口・出生中位・死亡中位推計)
2017,2030,797532,japanese,https://www.ipss.go.jp/pp-zenkoku/j/zenkoku2017/db_zenkoku2017/s_tables/1-8(J).xls,2017-04,表1-8(J)(日本人人口・出生中位・死亡中位推計)
2017,2031,790945,japanese,https://www.ipss.go.jp/pp-zenkoku/j/zenkoku2017/db_zenkoku2017/s_tables/1-8(J).xls,2017-04,表1-8(J)(日本人人口・出生中位・死亡中位推計)
2017,2032,783824,japanese,https://www.ipss.go.jp/pp-zenkoku/j/zenkoku2017/db_zenkoku2017/s_tables/1-8(J).xls,2017-04,表1-8(J)(日本人人口・出生中位・死亡中位推計)
2017,2033,776308,japanese,https://www.ipss.go.jp/pp-zenkoku/j/zenkoku2017/db_zenkoku2017/s_tables/1-8(J).xls,2017-04,表1-8(J)(日本人人口・出生中位・死亡中位推計)
2017,2034,768550,japanese,https://www.ipss.go.jp/pp-zenkoku/j/zenkoku2017/db_zenkoku2017/s_tables/1-8(J).xls,2017-04,表1-8(J)(日本人人口・出生中位・死亡中位推計)
2017,2035,760684,japanese,https://www.ipss.go.jp/pp-zenkoku/j/zenkoku2017/db_zenkoku2017/s_tables/1-8(J).xls,2017-04,表1-8(J)(日本人人口・出生中位・死亡中位推計)
2017,2036,752788,japanese,https://www.ipss.go.jp/pp-zenkoku/j/zenkoku2017/db_zenkoku2017/s_tables/1-8(J).xls,2017-04,表1-8(J)(日本人人口・出生中位・死亡中位推計)
2017,2037,744865,japanese,https://www.ipss.go.jp/pp-zenkoku/j/zenkoku2017/db_zenkoku2017/s_tables/1-8(J).xls,2017-04,表1-8(J)(日本人人口・出生中位・死亡中位推計)
2017,2038,736885,japanese,https://www.ipss.go.jp/pp-zenkoku/j/zenkoku2017/db_zenkoku2017/s_tables/1-8(J).xls,2017-04,表1-8(J)(日本人人口・出生中位・死亡中位推計)
2017,2039,728805,japanese,https://www.ipss.go.jp/pp-zenkoku/j/zenkoku2017/db_zenkoku2017/s_tables/1-8(J).xls,2017-04,表1-8(J)(日本人人口・出生中位・死亡中位推計)
2017,2040,720578,japanese,https://www.ipss.go.jp/pp-zenkoku/j/zenkoku2017/db_zenkoku2017/s_tables/1-8(J).xls,2017-04,表1-8(J)(日本人人口・出生中位・死亡中位推計)
2017,2041,712197,japanese,https://www.ipss.go.jp/pp-zenkoku/j/zenkoku2017/db_zenkoku2017/s_tables/1-8(J).xls,2017-04,表1-8(J)(日本人人口・出生中位・死亡中位推計)
2017,2042,703688,japanese,https://www.ipss.go.jp/pp-zenkoku/j/zenkoku2017/db_zenkoku2017/s_tables/1-8(J).xls,2017-04,表1-8(J)(日本人人口・出生中位・死亡中位推計)
2017,2043,695080,japanese,https://www.ipss.go.jp/pp-zenkoku/j/zenkoku2017/db_zenkoku2017/s_tables/1-8(J).xls,2017-04,表1-8(J)(日本人人口・出生中位・死亡中位推計)
2017,2044,686402,japanese,https://www.ipss.go.jp/pp-zenkoku/j/zenkoku2017/db_zenkoku2017/s_tables/1-8(J).xls,2017-04,表1-8(J)(日本人人口・出生中位・死亡中位推計)
2017,2045,677661,japanese,https://www.ipss.go.jp/pp-zenkoku/j/zenkoku2017/db_zenkoku2017/s_tables/1-8(J).xls,2017-04,表1-8(J)(日本人人口・出生中位・死亡中位推計)
2017,2046,668843,japanese,https://www.ipss.go.jp/pp-zenkoku/j/zenkoku2017/db_zenkoku2017/s_tables/1-8(J).xls,2017-04,表1-8(J)(日本人人口・出生中位・死亡中位推計)
2017,2047,659944,japanese,https://www.ipss.go.jp/pp-zenkoku/j/zenkoku2017/db_zenkoku2017/s_tables/1-8(J).xls,2017-04,表1-8(J)(日本人人口・出生中位・死亡中位推計)
2017,2048,650972,japanese,https://www.ipss.go.jp/pp-zenkoku/j/zenkoku2017/db_zenkoku2017/s_tables/1-8(J).xls,2017-04,表1-8(J)(日本人人口・出生中位・死亡中位推計)
2017,2049,641947,japanese,https://www.ipss.go.jp/pp-zenkoku/j/zenkoku2017/db_zenkoku2017/s_tables/1-8(J).xls,2017-04,表1-8(J)(日本人人口・出生中位・死亡中位推計)
2017,2050,632939,japanese,https://www.ipss.go.jp/pp-zenkoku/j/zenkoku2017/db_zenkoku2017/s_tables/1-8(J).xls,2017-04,表1-8(J)(日本人人口・出生中位・死亡中位推計)
2017,2051,624065,japanese,https://www.ipss.go.jp/pp-zenkoku/j/zenkoku2017/db_zenkoku2017/s_tables/1-8(J).xls,2017-04,表1-8(J)(日本人人口・出生中位・死亡中位推計)
2017,2052,615457,japanese,https://www.ipss.go.jp/pp-zenkoku/j/zenkoku2017/db_zenkoku2017/s_tables/1-8(J).xls,2017-04,表1-8(J)(日本人人口・出生中位・死亡中位推計)
2017,2053,607226,japanese,https://www.ipss.go.jp/pp-zenkoku/j/zenkoku2017/db_zenkoku2017/s_tables/1-8(J).xls,2017-04,表1-8(J)(日本人人口・出生中位・死亡中位推計)
2017,2054,599452,japanese,https://www.ipss.go.jp/pp-zenkoku/j/zenkoku2017/db_zenkoku2017/s_tables/1-8(J).xls,2017-04,表1-8(J)(日本人人口・出生中位・死亡中位推計)
2017,2055,592174,japanese,https://www.ipss.go.jp/pp-zenkoku/j/zenkoku2017/db_zenkoku2017/s_tables/1-8(J).xls,2017-04,表1-8(J)(日本人人口・出生中位・死亡中位推計)
2017,2056,585383,japanese,https://www.ipss.go.jp/pp-zenkoku/j/zenkoku2017/db_zenkoku2017/s_tables/1-8(J).xls,2017-04,表1-8(J)(日本人人口・出生中位・死亡中位推計)
2017,2057,579027,japanese,https://www.ipss.go.jp/pp-zenkoku/j/zenkoku2017/db_zenkoku2017/s_tables/1-8(J).xls,2017-04,表1-8(J)(日本人人口・出生中位・死亡中位推計)
2017,2058,573032,japanese,https://www.ipss.go.jp/pp-zenkoku/j/zenkoku2017/db_zenkoku2017/s_tables/1-8(J).xls,2017-04,表1-8(J)(日本人人口・出生中位・死亡中位推計)
2017,2059,567329,japanese,https://www.ipss.go.jp/pp-zenkoku/j/zenkoku2017/db_zenkoku2017/s_tables/1-8(J).xls,2017-04,表1-8(J)(日本人人口・出生中位・死亡中位推計)
2017,2060,561859,japanese,https://www.ipss.go.jp/pp-zenkoku/j/zenkoku2017/db_zenkoku2017/s_tables/1-8(J).xls,2017-04,表1-8(J)(日本人人口・出生中位・死亡中位推計)
2017,2061,556573,japanese,https://www.ipss.go.jp/pp-zenkoku/j/zenkoku2017/db_zenkoku2017/s_tables/1-8(J).xls,2017-04,表1-8(J)(日本人人口・出生中位・死亡中位推計)
2017,2062,551416,japanese,https://www.ipss.go.jp/pp-zenkoku/j/zenkoku2017/db_zenkoku2017/s_tables/1-8(J).xls,2017-04,表1-8(J)(日本人人口・出生中位・死亡中位推計)
2017,2063,546335,japanese,https://www.ipss.go.jp/pp-zenkoku/j/zenkoku2017/db_zenkoku2017/s_tables/1-8(J).xls,2017-04,表1-8(J)(日本人人口・出生中位・死亡中位推計)
2017,2064,541280,japanese,https://www.ipss.go.jp/pp-zenkoku/j/zenkoku2017/db_zenkoku2017/s_tables/1-8(J).xls,2017-04,表1-8(J)(日本人人口・出生中位・死亡中位推計)
2017,2065,536210,japanese,https://www.ipss.go.jp/pp-zenkoku/j/zenkoku2017/db_zenkoku2017/s_tables/1-8(J).xls,2017-04,表1-8(J)(日本人人口・出生中位・死亡中位推計)
2023,2021,813120,japanese,https://www.ipss.go.jp/pp-zenkoku/j/zenkoku2023/db_zenkoku2023/s_tables/1-8(J).xlsx,2023-04-26,表1-8(J)(日本人人口・出生中位・死亡中位推計)
2023,2022,765765,japanese,https://www.ipss.go.jp/pp-zenkoku/j/zenkoku2023/db_zenkoku2023/s_tables/1-8(J).xlsx,2023-04-26,表1-8(J)(日本人人口・出生中位・死亡中位推計)
2023,2023,739083,japanese,https://www.ipss.go.jp/pp-zenkoku/j/zenkoku2023/db_zenkoku2023/s_tables/1-8(J).xlsx,2023-04-26,表1-8(J)(日本人人口・出生中位・死亡中位推計)
2023,2024,755263,japanese,https://www.ipss.go.jp/pp-zenkoku/j/zenkoku2023/db_zenkoku2023/s_tables/1-8(J).xlsx,2023-04-26,表1-8(J)(日本人人口・出生中位・死亡中位推計)
2023,2025,748709,japanese,https://www.ipss.go.jp/pp-zenkoku/j/zenkoku2023/db_zenkoku2023/s_tables/1-8(J).xlsx,2023-04-26,表1-8(J)(日本人人口・出生中位・死亡中位推計)
2023,2026,744077,japanese,https://www.ipss.go.jp/pp-zenkoku/j/zenkoku2023/db_zenkoku2023/s_tables/1-8(J).xlsx,2023-04-26,表1-8(J)(日本人人口・出生中位・死亡中位推計)
2023,2027,743231,japanese,https://www.ipss.go.jp/pp-zenkoku/j/zenkoku2023/db_zenkoku2023/s_tables/1-8(J).xlsx,2023-04-26,表1-8(J)(日本人人口・出生中位・死亡中位推計)
2023,2028,743536,japanese,https://www.ipss.go.jp/pp-zenkoku/j/zenkoku2023/db_zenkoku2023/s_tables/1-8(J).xlsx,2023-04-26,表1-8(J)(日本人人口・出生中位・死亡中位推計)
2023,2029,742939,japanese,https://www.ipss.go.jp/pp-zenkoku/j/zenkoku2023/db_zenkoku2023/s_tables/1-8(J).xlsx,2023-04-26,表1-8(J)(日本人人口・出生中位・死亡中位推計)
2023,2030,741449,japanese,https://www.ipss.go.jp/pp-zenkoku/j/zenkoku2023/db_zenkoku2023/s_tables/1-8(J).xlsx,2023-04-26,表1-8(J)(日本人人口・出生中位・死亡中位推計)
2023,2031,738909,japanese,https://www.ipss.go.jp/pp-zenkoku/j/zenkoku2023/db_zenkoku2023/s_tables/1-8(J).xlsx,2023-04-26,表1-8(J)(日本人人口・出生中位・死亡中位推計)
2023,2032,735149,japanese,https://www.ipss.go.jp/pp-zenkoku/j/zenkoku2023/db_zenkoku2023/s_tables/1-8(J).xlsx,2023-04-26,表1-8(J)(日本人人口・出生中位・死亡中位推計)
2023,2033,729682,japanese,https://www.ipss.go.jp/pp-zenkoku/j/zenkoku2023/db_zenkoku2023/s_tables/1-8(J).xlsx,2023-04-26,表1-8(J)(日本人人口・出生中位・死亡中位推計)
2023,2034,723376,japanese,https://www.ipss.go.jp/pp-zenkoku/j/zenkoku2023/db_zenkoku2023/s_tables/1-8(J).xlsx,2023-04-26,表1-8(J)(日本人人口・出生中位・死亡中位推計)
2023,2035,716323,japanese,https://www.ipss.go.jp/pp-zenkoku/j/zenkoku2023/db_zenkoku2023/s_tables/1-8(J).xlsx,2023-04-26,表1-8(J)(日本人人口・出生中位・死亡中位推計)
2023,2036,708631,japanese,https://www.ipss.go.jp/pp-zenkoku/j/zenkoku2023/db_zenkoku2023/s_tables/1-8(J).xlsx,2023-04-26,表1-8(J)(日本人人口・出生中位・死亡中位推計)
2023,2037,700537,japanese,https://www.ipss.go.jp/pp-zenkoku/j/zenkoku2023/db_zenkoku2023/s_tables/1-8(J).xlsx,2023-04-26,表1-8(J)(日本人人口・出生中位・死亡中位推計)
2023,2038,692163,japanese,https://www.ipss.go.jp/pp-zenkoku/j/zenkoku2023/db_zenkoku2023/s_tables/1-8(J).xlsx,2023-04-26,表1-8(J)(日本人人口・出生中位・死亡中位推計)
2023,2039,683577,japanese,https://www.ipss.go.jp/pp-zenkoku/j/zenkoku2023/db_zenkoku2023/s_tables/1-8(J).xlsx,2023-04-26,表1-8(J)(日本人人口・出生中位・死亡中位推計)
2023,2040,674816,japanese,https://www.ipss.go.jp/pp-zenkoku/j/zenkoku2023/db_zenkoku2023/s_tables/1-8(J).xlsx,2023-04-26,表1-8(J)(日本人人口・出生中位・死亡中位推計)
2023,2041,665860,japanese,https://www.ipss.go.jp/pp-zenkoku/j/zenkoku2023/db_zenkoku2023/s_tables/1-8(J).xlsx,2023-04-26,表1-8(J)(日本人人口・出生中位・死亡中位推計)
2023,2042,656665,japanese,https://www.ipss.go.jp/pp-zenkoku/j/zenkoku2023/db_zenkoku2023/s_tables/1-8(J).xlsx,2023-04-26,表1-8(J)(日本人人口・出生中位・死亡中位推計)
2023,2043,647164,japanese,https://www.ipss.go.jp/pp-zenkoku/j/zenkoku2023/db_zenkoku2023/s_tables/1-8(J).xlsx,2023-04-26,表1-8(J)(日本人人口・出生中位・死亡中位推計)
2023,2044,637289,japanese,https://www.ipss.go.jp/pp-zenkoku/j/zenkoku2023/db_zenkoku2023/s_tables/1-8(J).xlsx,2023-04-26,表1-8(J)(日本人人口・出生中位・死亡中位推計)
2023,2045,626980,japanese,https://www.ipss.go.jp/pp-zenkoku/j/zenkoku2023/db_zenkoku2023/s_tables/1-8(J).xlsx,2023-04-26,表1-8(J)(日本人人口・出生中位・死亡中位推計)
2023,2046,616209,japanese,https://www.ipss.go.jp/pp-zenkoku/j/zenkoku2023/db_zenkoku2023/s_tables/1-8(J).xlsx,2023-04-26,表1-8(J)(日本人人口・出生中位・死亡中位推計)
2023,2047,605014,japanese,https://www.ipss.go.jp/pp-zenkoku/j/zenkoku2023/db_zenkoku2023/s_tables/1-8(J).xlsx,2023-04-26,表1-8(J)(日本人人口・出生中位・死亡中位推計)
2023,2048,593492,japanese,https://www.ipss.go.jp/pp-zenkoku/j/zenkoku2023/db_zenkoku2023/s_tables/1-8(J).xlsx,2023-04-26,表1-8(J)(日本人人口・出生中位・死亡中位推計)
2023,2049,581811,japanese,https://www.ipss.go.jp/pp-zenkoku/j/zenkoku2023/db_zenkoku2023/s_tables/1-8(J).xlsx,2023-04-26,表1-8(J)(日本人人口・出生中位・死亡中位推計)
2023,2050,570193,japanese,https://www.ipss.go.jp/pp-zenkoku/j/zenkoku2023/db_zenkoku2023/s_tables/1-8(J).xlsx,2023-04-26,表1-8(J)(日本人人口・出生中位・死亡中位推計)
2023,2051,558847,japanese,https://www.ipss.go.jp/pp-zenkoku/j/zenkoku2023/db_zenkoku2023/s_tables/1-8(J).xlsx,2023-04-26,表1-8(J)(日本人人口・出生中位・死亡中位推計)
2023,2052,547999,japanese,https://www.ipss.go.jp/pp-zenkoku/j/zenkoku2023/db_zenkoku2023/s_tables/1-8(J).xlsx,2023-04-26,表1-8(J)(日本人人口・出生中位・死亡中位推計)
2023,2053,537873,japanese,https://www.ipss.go.jp/pp-zenkoku/j/zenkoku2023/db_zenkoku2023/s_tables/1-8(J).xlsx,2023-04-26,表1-8(J)(日本人人口・出生中位・死亡中位推計)
2023,2054,528602,japanese,https://www.ipss.go.jp/pp-zenkoku/j/zenkoku2023/db_zenkoku2023/s_tables/1-8(J).xlsx,2023-04-26,表1-8(J)(日本人人口・出生中位・死亡中位推計)
2023,2055,520265,japanese,https://www.ipss.go.jp/pp-zenkoku/j/zenkoku2023/db_zenkoku2023/s_tables/1-8(J).xlsx,2023-04-26,表1-8(J)(日本人人口・出生中位・死亡中位推計)
2023,2056,512892,japanese,https://www.ipss.go.jp/pp-zenkoku/j/zenkoku2023/db_zenkoku2023/s_tables/1-8(J).xlsx,2023-04-26,表1-8(J)(日本人人口・出生中位・死亡中位推計)
2023,2057,506436,japanese,https://www.ipss.go.jp/pp-zenkoku/j/zenkoku2023/db_zenkoku2023/s_tables/1-8(J).xlsx,2023-04-26,表1-8(J)(日本人人口・出生中位・死亡中位推計)
2023,2058,500828,japanese,https://www.ipss.go.jp/pp-zenkoku/j/zenkoku2023/db_zenkoku2023/s_tables/1-8(J).xlsx,2023-04-26,表1-8(J)(日本人人口・出生中位・死亡中位推計)
2023,2059,495986,japanese,https://www.ipss.go.jp/pp-zenkoku/j/zenkoku2023/db_zenkoku2023/s_tables/1-8(J).xlsx,2023-04-26,表1-8(J)(日本人人口・出生中位・死亡中位推計)
2023,2060,491776,japanese,https://www.ipss.go.jp/pp-zenkoku/j/zenkoku2023/db_zenkoku2023/s_tables/1-8(J).xlsx,2023-04-26,表1-8(J)(日本人人口・出生中位・死亡中位推計)
2023,2061,488026,japanese,https://www.ipss.go.jp/pp-zenkoku/j/zenkoku2023/db_zenkoku2023/s_tables/1-8(J).xlsx,2023-04-26,表1-8(J)(日本人人口・出生中位・死亡中位推計)
2023,2062,484567,japanese,https://www.ipss.go.jp/pp-zenkoku/j/zenkoku2023/db_zenkoku2023/s_tables/1-8(J).xlsx,2023-04-26,表1-8(J)(日本人人口・出生中位・死亡中位推計)
2023,2063,481252,japanese,https://www.ipss.go.jp/pp-zenkoku/j/zenkoku2023/db_zenkoku2023/s_tables/1-8(J).xlsx,2023-04-26,表1-8(J)(日本人人口・出生中位・死亡中位推計)
2023,2064,477946,japanese,https://www.ipss.go.jp/pp-zenkoku/j/zenkoku2023/db_zenkoku2023/s_tables/1-8(J).xlsx,2023-04-26,表1-8(J)(日本人人口・出生中位・死亡中位推計)
2023,2065,474523,japanese,https://www.ipss.go.jp/pp-zenkoku/j/zenkoku2023/db_zenkoku2023/s_tables/1-8(J).xlsx,2023-04-26,表1-8(J)(日本人人口・出生中位・死亡中位推計)
2023,2066,470887,japanese,https://www.ipss.go.jp/pp-zenkoku/j/zenkoku2023/db_zenkoku2023/s_tables/1-8(J).xlsx,2023-04-26,表1-8(J)(日本人人口・出生中位・死亡中位推計)
2023,2067,466979,japanese,https://www.ipss.go.jp/pp-zenkoku/j/zenkoku2023/db_zenkoku2023/s_tables/1-8(J).xlsx,2023-04-26,表1-8(J)(日本人人口・出生中位・死亡中位推計)
2023,2068,462763,japanese,https://www.ipss.go.jp/pp-zenkoku/j/zenkoku2023/db_zenkoku2023/s_tables/1-8(J).xlsx,2023-04-26,表1-8(J)(日本人人口・出生中位・死亡中位推計)
2023,2069,458227,japanese,https://www.ipss.go.jp/pp-zenkoku/j/zenkoku2023/db_zenkoku2023/s_tables/1-8(J).xlsx,2023-04-26,表1-8(J)(日本人人口・出生中位・死亡中位推計)
2023,2070,453380,japanese,https://www.ipss.go.jp/pp-zenkoku/j/zenkoku2023/db_zenkoku2023/s_tables/1-8(J).xlsx,2023-04-26,表1-8(J)(日本人人口・出生中位・死亡中位推計)
