year,actual_births,source_url,notes
1980,1576889,https://www.mhlw.go.jp/toukei/saikin/hw/jinkou/kakutei24/xls/16_hyoR06.xlsx,[実績]厚生労働省「令和6(2024)年 人口動態統計(確定数)の概況」統計表 第2表より。日本における日本人について
1981,1529455,https://www.mhlw.go.jp/toukei/saikin/hw/jinkou/kakutei24/xls/16_hyoR06.xlsx,
1982,1515392,https://www.mhlw.go.jp/toukei/saikin/hw/jinkou/kakutei24/xls/16_hyoR06.xlsx,
1983,1508687,https://www.mhlw.go.jp/toukei/saikin/hw/jinkou/kakutei24/xls/16_hyoR06.xlsx,
1984,1489780,https://www.mhlw.go.jp/toukei/saikin/hw/jinkou/kakutei24/xls/16_hyoR06.xlsx,
1985,1431577,https://www.mhlw.go.jp/toukei/saikin/hw/jinkou/kakutei24/xls/16_hyoR06.xlsx,
1986,1382946,https://www.mhlw.go.jp/toukei/saikin/hw/jinkou/kakutei24/xls/16_hyoR06.xlsx,
1987,1346658,https://www.mhlw.go.jp/toukei/saikin/hw/jinkou/kakutei24/xls/16_hyoR06.xlsx,
1988,1314006,https://www.mhlw.go.jp/toukei/saikin/hw/jinkou/kakutei24/xls/16_hyoR06.xlsx,
1989,1246802,https://www.mhlw.go.jp/toukei/saikin/hw/jinkou/kakutei24/xls/16_hyoR06.xlsx,
1990,1221585,https://www.mhlw.go.jp/toukei/saikin/hw/jinkou/kakutei24/xls/16_hyoR06.xlsx,
1991,1223245,https://www.mhlw.go.jp/toukei/saikin/hw/jinkou/kakutei24/xls/16_hyoR06.xlsx,
1992,1208989,https://www.mhlw.go.jp/toukei/saikin/hw/jinkou/kakutei24/xls/16_hyoR06.xlsx,
1993,1188282,https://www.mhlw.go.jp/toukei/saikin/hw/jinkou/kakutei24/xls/16_hyoR06.xlsx,
1994,1238328,https://www.mhlw.go.jp/toukei/saikin/hw/jinkou/kakutei24/xls/16_hyoR06.xlsx,
1995,1187064,https://www.mhlw.go.jp/toukei/saikin/hw/jinkou/kakutei24/xls/16_hyoR06.xlsx,
1996,1206555,https://www.mhlw.go.jp/toukei/saikin/hw/jinkou/kakutei24/xls/16_hyoR06.xlsx,
1997,1191665,https://www.mhlw.go.jp/toukei/saikin/hw/jinkou/kakutei24/xls/16_hyoR06.xlsx,
1998,1203147,https://www.mhlw.go.jp/toukei/saikin/hw/jinkou/kakutei24/xls/16_hyoR06.xlsx,
1999,1177669,https://www.mhlw.go.jp/toukei/saikin/hw/jinkou/kakutei24/xls/16_hyoR06.xlsx,
2000,1190547,https://www.mhlw.go.jp/toukei/saikin/hw/jinkou/kakutei24/xls/16_hyoR06.xlsx,
2001,1170662,https://www.mhlw.go.jp/toukei/saikin/hw/jinkou/kakutei24/xls/16_hyoR06.xlsx,
2002,1153855,https://www.mhlw.go.jp/toukei/saikin/hw/jinkou/kakutei24/xls/16_hyoR06.xlsx,
2003,1123610,https://www.mhlw.go.jp/toukei/saikin/hw/jinkou/kakutei24/xls/16_hyoR06.xlsx,
2004,1110721,https://www.mhlw.go.jp/toukei/saikin/hw/jinkou/kakutei24/xls/16_hyoR06.xlsx,
2005,1062530,https://www.mhlw.go.jp/toukei/saikin/hw/jinkou/kakutei24/xls/16_hyoR06.xlsx,
2006,1092674,https://www.mhlw.go.jp/toukei/saikin/hw/jinkou/kakutei24/xls/16_hyoR06.xlsx,
2007,1089818,https://www.mhlw.go.jp/toukei/saikin/hw/jinkou/kakutei24/xls/16_hyoR06.xlsx,
2008,1091156,https://www.mhlw.go.jp/toukei/saikin/hw/jinkou/kakutei24/xls/16_hyoR06.xlsx,
2009,1070036,https://www.mhlw.go.jp/toukei/saikin/hw/jinkou/kakutei24/xls/16_hyoR06.xlsx,
2010,1071305,https://www.mhlw.go.jp/toukei/saikin/hw/jinkou/kakutei24/xls/16_hyoR06.xlsx,
2011,1050807,https://www.mhlw.go.jp/toukei/saikin/hw/jinkou/kakutei24/xls/16_hyoR06.xlsx,
2012,1037232,https://www.mhlw.go.jp/toukei/saikin/hw/jinkou/kakutei24/xls/16_hyoR06.xlsx,
2013,1029817,https://www.mhlw.go.jp/toukei/saikin/hw/jinkou/kakutei24/xls/16_hyoR06.xlsx,
2014,1003609,https://www.mhlw.go.jp/toukei/saikin/hw/jinkou/kakutei24/xls/16_hyoR06.xlsx,
2015,1005721,https://www.mhlw.go.jp/toukei/saikin/hw/jinkou/kakutei24/xls/16_hyoR06.xlsx,
2016,977242,https://www.mhlw.go.jp/toukei/saikin/hw/jinkou/kakutei24/xls/16_hyoR06.xlsx,
2017,946146,https://www.mhlw.go.jp/toukei/saikin/hw/jinkou/kakutei24/xls/16_hyoR06.xlsx,
2018,918400,https://www.mhlw.go.jp/toukei/saikin/hw/jinkou/kakutei24/xls/16_hyoR06.xlsx,
2019,865239,https://www.mhlw.go.jp/toukei/saikin/hw/jinkou/kakutei24/xls/16_hyoR06.xlsx,
2020,840835,https://www.mhlw.go.jp/toukei/saikin/hw/jinkou/kakutei24/xls/16_hyoR06.xlsx,
2021,811622,https://www.mhlw.go.jp/toukei/saikin/hw/jinkou/kakutei24/xls/16_hyoR06.xlsx,
2022,770759,https://www.mhlw.go.jp/toukei/saikin/hw/jinkou/kakutei24/xls/16_hyoR06.xlsx,
2023,727288,https://www.mhlw.go.jp/toukei/saikin/hw/jinkou/kakutei24/xls/16_hyoR06.xlsx,
2024,686173,https://www.mhlw.go.jp/toukei/saikin/hw/jinkou/kakutei24/xls/16_hyoR06.xlsx,
2025,671236,https://www.mhlw.go.jp/toukei/saikin/hw/jinkou/geppo/nengai25/xls/R7toukeihyou.xlsx,[実績]厚生労働省「令和7(2025)年 人口動態統計月報年計(概数)の概況」統計表 第1表より。確定数ではなく概数の段階の値で、例年9月公表の確定数で改定される見込み
