fiscal_year,first_real,first_nominal,release_basis,first_real_source_url,first_nominal_source_url,notes
1998,-1.9,-2.0,1990base,https://www.esri.cao.go.jp/jp/sna/data/data_list/kakuhou/files/h10/tables/55ffm1r.xls,https://www.esri.cao.go.jp/jp/sna/data/data_list/kakuhou/files/h10/tables/55ffm1n.xls,[出典]内閣府「国民経済計算」平成10年度確報の主要系列表1「国内総生産(支出側)」増加率シートより。この年版が収録する最新の年度にあたるため、この年度の成長率として最初に公表された値になる。 表側の呼称は「国内総支出」。平成2暦年基準の固定基準年方式で、連鎖方式に移る前の年版。 [裏取り]gdp_vintages.csv の 1990base 行(一次資料と突き合わせ済み)と一致する。
1999,1.4,-0.2,1995base,https://web.archive.org/web/20010418122307/http://www.esri.cao.go.jp:80/jp/sna/qe004/ritu-jfy0041.csv,https://web.archive.org/web/20010612040006/http://www5.cao.go.jp:80/2000/g/1215g-sna/80ffm1n.xls,[出典]名目は経済企画庁「国民経済計算」平成11年度確報(2000年12月15日公表)の主要系列表1「国内総生産(支出側)」年度・名目より。Wayback Machineの保存版で、当時の公開先は経済企画庁サイト(www5.cao.go.jp/2000/g/1215g-sna/)。この年版が収録する最新の年度にあたるため、この年度の成長率として最初に公表された値になる。実質は同じ年版の年度・実質の表(80ffm1r.xls)が日本語版・英語版とも保存されていないため、次の確報までの間に公表された四半期別GDP速報(2000年10-12月期1次速報、2001年3月公表)の年度・前年度比(実質)の表から取った(Wayback保存版)。速報の年度表は確報済みの年度については確報値をそのまま載せる。 平成7暦年基準の固定基準年方式。93SNAに移行して最初の年度確報。 [裏取り]同じ速報の年度・名目の表がFY1999を-0.2%としていて、確報の名目と一致する。2次速報(2001年6月公表、Wayback保存版)の年度表も実質1.4%・名目-0.2%で変わらない。加えて、2001年10月25日の参議院厚生労働委員会で政府参考人(厚生労働省職業安定局長)が「平成十一年度の実質ＧＤＰ成長率が一・四％」と答弁している(国会会議録。FY1999を改定する次の確報の公表前)。
2000,1.7,-0.3,1995base,https://web.archive.org/web/20011224000938/http://www.esri.cao.go.jp:80/jp/sna/h12-kaku/ritu-jfy12k.csv,https://web.archive.org/web/20011223211736/http://www.esri.cao.go.jp:80/jp/sna/h12-kaku/ritu-mfy12k.csv,[出典]内閣府「国民経済計算」平成12年度確報(2001年12月公表)の年度・前年度比の統計表(実質・名目)より。Wayback Machineの保存版。当時の公開パスは現行の年版ディレクトリ(kakuhou/files/)ではなく jp/sna/h12-kaku/ で、現行サイトには残っていない。この年版が収録する最新の年度にあたるため、この年度の成長率として最初に公表された値になる。 平成7暦年基準の固定基準年方式。 [裏取り]同時公表の「平成12年度国民経済計算のポイント」(Wayback保存版)の本文と表が同じ値(実質1.7%増・名目0.3%減)。加えて、次の確報までの間に公表された四半期別GDP速報3回分(2002年8月・9月・11月公表。内閣府サイトに現存)の年度表も同じ値。
2001,-1.4,-2.5,1995base,https://web.archive.org/web/20030408192427/http://www.esri.cao.go.jp:80/jp/sna/h13-kaku/point.pdf,https://web.archive.org/web/20030408192427/http://www.esri.cao.go.jp:80/jp/sna/h13-kaku/point.pdf,[出典]内閣府「平成13年度国民経済計算のポイント」(平成13年度確報と同時の2002年12月公表。Wayback Machineの保存版)の本文と表より。この年版の年度の統計表はWaybackに保存が無く(暦年の表だけが残る)、ポイントを出典にした。この年版が収録する最新の年度にあたるため、この年度の成長率として最初に公表された値になる。 平成7暦年基準の固定基準年方式。 [裏取り]同じ月に公表された四半期別GDP速報(2002年7-9月期2次速報。内閣府サイトに現存)の年度表が同じ値。なお翌2003年2月以降の速報では実質が-1.2%で表示されている(名目は-2.5%のまま)。採ったのは確報の公表時点の値。
2002,1.2,-0.7,1995base,https://web.archive.org/web/20040107222515/http://www.esri.cao.go.jp:80/jp/sna/h14-kaku/80ffm1r_jp.xls,https://web.archive.org/web/20040107201226/http://www.esri.cao.go.jp:80/jp/sna/h14-kaku/80ffm1n_jp.xls,[出典]内閣府「国民経済計算」平成14年度確報(2003年12月公表)の主要系列表1「国内総支出」年度・増加率シートより。Wayback Machineの保存版。当時の公開パスは jp/sna/h14-kaku/ で、現行サイトには残っていない。この年版が収録する最新の年度にあたるため、この年度の成長率として最初に公表された値になる。 平成7暦年基準の固定基準年方式。 [裏取り]同時公表の「平成14年度国民経済計算のポイント」(Wayback保存版)の本文と表が同じ値(実質1.2%増・名目0.7%減)。加えて同じ月に公表された四半期別GDP速報(2003年7-9月期2次速報。内閣府サイトに現存)の年度表も同じ値。なお翌2004年2月以降の速報では実質が1.1%で表示されている(名目は-0.7%のまま)。
2003,3.2,0.8,1995base,https://www.esri.cao.go.jp/jp/sna/data/data_list/kakuhou/files/h15/tables/n80ffr1r_jp.xls,https://www.esri.cao.go.jp/jp/sna/data/data_list/kakuhou/files/h15/tables/n80ffm1n_jp.xls,[出典]内閣府「国民経済計算」平成15年度確報の主要系列表1「国内総生産(支出側)」増加率シートより。この年版が収録する最新の年度にあたるため、この年度の成長率として最初に公表された値になる。 平成7暦年基準の固定基準年方式。この年版に連鎖方式の表は無い(同じ年版の統計表一覧に該当ファイルが存在しないことを確認した)。翌年版から連鎖方式に変わるため、方式の切れ目がここに入る。 [裏取り]gdp_vintages.csv の 1995base 行(一次資料と突き合わせ済み)と一致する。
2004,1.7,0.5,2000base,https://www.esri.cao.go.jp/jp/sna/data/data_list/kakuhou/files/h16/tables/94ffm1rn_jp.xls,https://www.esri.cao.go.jp/jp/sna/data/data_list/kakuhou/files/h16/tables/94ffm1n_jp.xls,[出典]内閣府「国民経済計算」平成16年度確報の主要系列表1「国内総生産(支出側)」増加率シートより。この年版が収録する最新の年度にあたるため、この年度の成長率として最初に公表された値になる。 [裏取り]突き合わせ先が無い。公表資料「ポイント」のアーカイブはFY2010以降しか残っておらず、gdp_vintages.csv とも重ならないため、この年度の根拠は上記の統計表1本だけである。
2005,2.4,1.0,2000base,https://www.esri.cao.go.jp/jp/sna/data/data_list/kakuhou/files/h17/tables/17ffm1rn_jp.xls,https://www.esri.cao.go.jp/jp/sna/data/data_list/kakuhou/files/h17/tables/17ffm1n_jp.xls,[出典]内閣府「国民経済計算」平成17年度確報の主要系列表1「国内総生産(支出側)」増加率シートより。この年版が収録する最新の年度にあたるため、この年度の成長率として最初に公表された値になる。 [裏取り]突き合わせ先が無い。公表資料「ポイント」のアーカイブはFY2010以降しか残っておらず、gdp_vintages.csv とも重ならないため、この年度の根拠は上記の統計表1本だけである。
2006,2.3,1.6,2000base,https://www.esri.cao.go.jp/jp/sna/data/data_list/kakuhou/files/h18/tables/18ffm1rn_jp.xls,https://www.esri.cao.go.jp/jp/sna/data/data_list/kakuhou/files/h18/tables/18ffm1n_jp.xls,[出典]内閣府「国民経済計算」平成18年度確報の主要系列表1「国内総生産(支出側)」増加率シートより。この年版が収録する最新の年度にあたるため、この年度の成長率として最初に公表された値になる。 [裏取り]突き合わせ先が無い。公表資料「ポイント」のアーカイブはFY2010以降しか残っておらず、gdp_vintages.csv とも重ならないため、この年度の根拠は上記の統計表1本だけである。
2007,1.9,1.0,2000base,https://www.esri.cao.go.jp/jp/sna/data/data_list/kakuhou/files/h19/tables/19ffm1rn_jp.xls,https://www.esri.cao.go.jp/jp/sna/data/data_list/kakuhou/files/h19/tables/19ffm1n_jp.xls,[出典]内閣府「国民経済計算」平成19年度確報の主要系列表1「国内総生産(支出側)」増加率シートより。この年版が収録する最新の年度にあたるため、この年度の成長率として最初に公表された値になる。 [裏取り]突き合わせ先が無い。公表資料「ポイント」のアーカイブはFY2010以降しか残っておらず、gdp_vintages.csv とも重ならないため、この年度の根拠は上記の統計表1本だけである。
2008,-3.7,-4.2,2000base,https://www.esri.cao.go.jp/jp/sna/data/data_list/kakuhou/files/h20/tables/20ffm1rn_jp.xls,https://www.esri.cao.go.jp/jp/sna/data/data_list/kakuhou/files/h20/tables/20ffm1n_jp.xls,[出典]内閣府「国民経済計算」平成20年度確報の主要系列表1「国内総生産(支出側)」増加率シートより。この年版が収録する最新の年度にあたるため、この年度の成長率として最初に公表された値になる。 [裏取り]突き合わせ先が無い。公表資料「ポイント」のアーカイブはFY2010以降しか残っておらず、gdp_vintages.csv とも重ならないため、この年度の根拠は上記の統計表1本だけである。
2009,-2.4,-3.7,2000base,https://www.esri.cao.go.jp/jp/sna/data/data_list/kakuhou/files/h21/tables/21ffm1rn_jp.xls,https://www.esri.cao.go.jp/jp/sna/data/data_list/kakuhou/files/h21/tables/21ffm1n_jp.xls,[出典]内閣府「国民経済計算」平成21年度確報の主要系列表1「国内総生産(支出側)」増加率シートより。この年版が収録する最新の年度にあたるため、この年度の成長率として最初に公表された値になる。 [裏取り]gdp_vintages.csv の 2000base 行(一次資料と突き合わせ済み)と一致する。
2010,3.1,1.1,2005base,https://www.esri.cao.go.jp/jp/sna/data/data_list/kakuhou/files/h22/tables/22ffm1rn_jp.xls,https://www.esri.cao.go.jp/jp/sna/data/data_list/kakuhou/files/h22/tables/22ffm1n_jp.xls,[出典]内閣府「国民経済計算」平成22年度確報の主要系列表1「国内総生産(支出側)」増加率シートより。この年版が収録する最新の年度にあたるため、この年度の成長率として最初に公表された値になる。 [裏取り]同時に公表された「ポイント」(2011-12-26付)の本文が同じ数値を見出しに掲げていることを確認した: https://www.esri.cao.go.jp/jp/sna/data/data_list/kakuhou/gaiyou/pdf/point20111226.pdf
2011,0.3,-1.4,2005base,https://www.esri.cao.go.jp/jp/sna/data/data_list/kakuhou/files/h23/tables/23ffm1rn_jp.xls,https://www.esri.cao.go.jp/jp/sna/data/data_list/kakuhou/files/h23/tables/23ffm1n_jp.xls,[出典]内閣府「国民経済計算」平成23年度確報の主要系列表1「国内総生産(支出側)」増加率シートより。この年版が収録する最新の年度にあたるため、この年度の成長率として最初に公表された値になる。 [裏取り]同時に公表された「ポイント」(2012-12-25付)の本文が同じ数値を見出しに掲げていることを確認した: https://www.esri.cao.go.jp/jp/sna/data/data_list/kakuhou/files/h23/sankou/pdf/point20121225.pdf
2012,0.7,-0.2,2005base,https://www.esri.cao.go.jp/jp/sna/data/data_list/kakuhou/files/h24/tables/24ffm1rn_jp.xls,https://www.esri.cao.go.jp/jp/sna/data/data_list/kakuhou/files/h24/tables/24ffm1n_jp.xls,[出典]内閣府「国民経済計算」平成24年度確報の主要系列表1「国内総生産(支出側)」増加率シートより。この年版が収録する最新の年度にあたるため、この年度の成長率として最初に公表された値になる。 [裏取り]同時に公表された「ポイント」(2013-12-25付)の本文が同じ数値を見出しに掲げていることを確認した: https://www.esri.cao.go.jp/jp/sna/data/data_list/kakuhou/files/h24/sankou/pdf/point20131225.pdf
2013,2.1,1.8,2005base,https://www.esri.cao.go.jp/jp/sna/data/data_list/kakuhou/files/h25/tables/25ffm1rn_jp.xls,https://www.esri.cao.go.jp/jp/sna/data/data_list/kakuhou/files/h25/tables/25ffm1n_jp.xls,[出典]内閣府「国民経済計算」平成25年度確報の主要系列表1「国内総生産(支出側)」増加率シートより。この年版が収録する最新の年度にあたるため、この年度の成長率として最初に公表された値になる。 [裏取り]同時に公表された「ポイント」(2014-12-25付)の本文が同じ数値を見出しに掲げていることを確認した: https://www.esri.cao.go.jp/jp/sna/data/data_list/kakuhou/files/h25/sankou/pdf/point20141225.pdf
2014,-1.0,1.5,2005base,https://www.esri.cao.go.jp/jp/sna/data/data_list/kakuhou/files/h26/tables/26ffm1rn_jp.xls,https://www.esri.cao.go.jp/jp/sna/data/data_list/kakuhou/files/h26/tables/26ffm1n_jp.xls,[出典]内閣府「国民経済計算」平成26年度確報の主要系列表1「国内総生産(支出側)」増加率シートより。この年版が収録する最新の年度にあたるため、この年度の成長率として最初に公表された値になる。 [裏取り]同時に公表された「ポイント」(2015-12-25付)の本文が同じ数値を見出しに掲げていることを確認した: https://www.esri.cao.go.jp/jp/sna/data/data_list/kakuhou/files/h26/sankou/pdf/point20151225.pdf
2015,1.3,2.8,2011base,https://www.esri.cao.go.jp/jp/sna/data/data_list/kakuhou/files/h27/tables/27ffm1rn_jp.xls,https://www.esri.cao.go.jp/jp/sna/data/data_list/kakuhou/files/h27/tables/27ffm1n_jp.xls,[出典]内閣府「国民経済計算」平成27年度確報の主要系列表1「国内総生産(支出側)」増加率シートより。この年版が収録する最新の年度にあたるため、この年度の成長率として最初に公表された値になる。 [裏取り]同時に公表された「ポイント」(2016-12-22付)の本文が同じ数値を見出しに掲げていることを確認した: https://www.esri.cao.go.jp/jp/sna/data/data_list/kakuhou/files/h27/sankou/pdf/point20161222.pdf
2016,1.2,1.0,2011base,https://www.esri.cao.go.jp/jp/sna/data/data_list/kakuhou/files/h28/tables/28ffm1rn_jp.xls,https://www.esri.cao.go.jp/jp/sna/data/data_list/kakuhou/files/h28/tables/28ffm1n_jp.xls,[出典]内閣府「国民経済計算」平成28年度確報の主要系列表1「国内総生産(支出側)」増加率シートより。この年版が収録する最新の年度にあたるため、この年度の成長率として最初に公表された値になる。 [裏取り]同時に公表された「ポイント」(2017-12-22付)の本文が同じ数値を見出しに掲げていることを確認した: https://www.esri.cao.go.jp/jp/sna/data/data_list/kakuhou/files/h28/sankou/pdf/point_flow_20171222.pdf
2017,1.9,2.0,2011base,https://www.esri.cao.go.jp/jp/sna/data/data_list/kakuhou/files/h29/tables/29ffm1rn_jp.xls,https://www.esri.cao.go.jp/jp/sna/data/data_list/kakuhou/files/h29/tables/29ffm1n_jp.xls,[出典]内閣府「国民経済計算」平成29年度確報の主要系列表1「国内総生産(支出側)」増加率シートより。この年版が収録する最新の年度にあたるため、この年度の成長率として最初に公表された値になる。 [裏取り]同時に公表された「ポイント」(2019-04-05付)の本文が同じ数値を見出しに掲げていることを確認した: https://www.esri.cao.go.jp/jp/sna/data/data_list/kakuhou/files/h29/sankou/pdf/point_flow_jp_20190405.pdf ただしこの「ポイント」はサーバー上のものが2019-04-05付の差し替え版で、原公表(平成30年12月10日・同年12月25日)そのものではない。本文がその2つの日付に言及していることから判断した。この年度だけ裏取りの性格が他の年度と異なる。
2018,0.3,0.1,2011base,https://www.esri.cao.go.jp/jp/sna/data/data_list/kakuhou/files/h30/tables/30ffm1rn_jp.xlsx,https://www.esri.cao.go.jp/jp/sna/data/data_list/kakuhou/files/h30/tables/30ffm1n_jp.xlsx,[出典]内閣府「国民経済計算」平成30年度確報の主要系列表1「国内総生産(支出側)」増加率シートより。この年版が収録する最新の年度にあたるため、この年度の成長率として最初に公表された値になる。 [裏取り]同時に公表された「ポイント」(2019-12-26付)の本文が同じ数値を見出しに掲げていることを確認した: https://www.esri.cao.go.jp/jp/sna/data/data_list/kakuhou/files/h30/sankou/pdf/point_flow_jp_20191226.pdf
2019,-0.3,0.5,2015base,https://www.esri.cao.go.jp/jp/sna/data/data_list/kakuhou/files/2019/tables/2019ffm1rn_jp.xlsx,https://www.esri.cao.go.jp/jp/sna/data/data_list/kakuhou/files/2019/tables/2019ffm1n_jp.xlsx,[出典]内閣府「国民経済計算」2019年度年次推計の主要系列表1「国内総生産(支出側)」増加率シートより。この年版が収録する最新の年度にあたるため、この年度の成長率として最初に公表された値になる。 [裏取り]同時に公表された「ポイント」(2020-12-24付)の本文が同じ数値を見出しに掲げていることを確認した: https://www.esri.cao.go.jp/jp/sna/data/data_list/kakuhou/files/2019/sankou/pdf/point_flow20201224.pdf
2020,-4.5,-3.9,2015base,https://www.esri.cao.go.jp/jp/sna/data/data_list/kakuhou/files/2020/tables/2020ffm1rn_jp.xlsx,https://www.esri.cao.go.jp/jp/sna/data/data_list/kakuhou/files/2020/tables/2020ffm1n_jp.xlsx,[出典]内閣府「国民経済計算」2020年度年次推計の主要系列表1「国内総生産(支出側)」増加率シートより。この年版が収録する最新の年度にあたるため、この年度の成長率として最初に公表された値になる。 [裏取り]同時に公表された「ポイント」(2021-12-24付)の本文が同じ数値を見出しに掲げていることを確認した: https://www.esri.cao.go.jp/jp/sna/data/data_list/kakuhou/files/2020/sankou/pdf/point_flow20211224.pdf
2021,2.5,2.4,2015base,https://www.esri.cao.go.jp/jp/sna/data/data_list/kakuhou/files/2021/tables/2021ffm1rn_jp.xlsx,https://www.esri.cao.go.jp/jp/sna/data/data_list/kakuhou/files/2021/tables/2021ffm1n_jp.xlsx,[出典]内閣府「国民経済計算」2021年度年次推計の主要系列表1「国内総生産(支出側)」増加率シートより。この年版が収録する最新の年度にあたるため、この年度の成長率として最初に公表された値になる。 [裏取り]同時に公表された「ポイント」(2022-12-23付)の本文が同じ数値を見出しに掲げていることを確認した: https://www.esri.cao.go.jp/jp/sna/data/data_list/kakuhou/files/2021/sankou/pdf/point_flow20221223.pdf
2022,1.5,2.3,2015base,https://www.esri.cao.go.jp/jp/sna/data/data_list/kakuhou/files/2022/tables/2022ffm1rn_jp.xlsx,https://www.esri.cao.go.jp/jp/sna/data/data_list/kakuhou/files/2022/tables/2022ffm1n_jp.xlsx,[出典]内閣府「国民経済計算」2022年度年次推計の主要系列表1「国内総生産(支出側)」増加率シートより。この年版が収録する最新の年度にあたるため、この年度の成長率として最初に公表された値になる。 [裏取り]同時に公表された「ポイント」(2023-12-25付)の本文が同じ数値を見出しに掲げていることを確認した: https://www.esri.cao.go.jp/jp/sna/data/data_list/kakuhou/files/2022/sankou/pdf/point_flow20231225.pdf
2023,0.7,4.9,2015base,https://www.esri.cao.go.jp/jp/sna/data/data_list/kakuhou/files/2023/tables/2023ffm1rn_jp.xlsx,https://www.esri.cao.go.jp/jp/sna/data/data_list/kakuhou/files/2023/tables/2023ffm1n_jp.xlsx,[出典]内閣府「国民経済計算」2023年度年次推計の主要系列表1「国内総生産(支出側)」増加率シートより。この年版が収録する最新の年度にあたるため、この年度の成長率として最初に公表された値になる。 [裏取り]同時に公表された「ポイント」(2024-12-23付)の本文が同じ数値を見出しに掲げていることを確認した: https://www.esri.cao.go.jp/jp/sna/data/data_list/kakuhou/files/2023/sankou/pdf/point_flow20241223.pdf
2024,0.5,3.7,2020base,https://www.esri.cao.go.jp/jp/sna/data/data_list/kakuhou/files/2024/tables/2024ffm1rn_jp.xlsx,https://www.esri.cao.go.jp/jp/sna/data/data_list/kakuhou/files/2024/tables/2024ffm1n_jp.xlsx,[出典]内閣府「国民経済計算」2024年度年次推計の主要系列表1「国内総生産(支出側)」増加率シートより。この年版が収録する最新の年度にあたるため、この年度の成長率として最初に公表された値になる。 [裏取り]同時に公表された「ポイント」(2025-12-23付)の本文が同じ数値を見出しに掲げていることを確認した: https://www.esri.cao.go.jp/jp/sna/data/data_list/kakuhou/files/2024/sankou/pdf/point_flow20251223.pdf
